path,final_path,source,status,issues,baseline_title,local_title,local_canonical,expected_canonical,local_h1,baseline_h1,jsonld_types
"/","/","gsc_top","200","OK","Končar Elektro - Prodaja alata i mašina renomiranih brendova","Končar Elektro - Prodaja alata i mašina renomiranih brendova","https://koncarelektro.rs/","https://koncarelektro.rs/","","","Organization+WebSite"
"/proizvodjac/ingco/page/3","/proizvodjac/ingco/page/3","gsc_top","200","OK","","Ingco - Končar Elektro -trgovina električnog, ručnog alata i pribora","https://koncarelektro.rs/proizvodjac/ingco/page/3/","https://koncarelektro.rs/proizvodjac/ingco/page/3/","Ingco","","Organization+WebSite"
"/proizvodjac/ingco","/proizvodjac/ingco","sample_taxonomy","200","OK","INGCO - SUPER INGCO alati – Najpovoljnije cene | Končar Elektro -trgovina električnog, ručnog alata ","INGCO - SUPER INGCO alati – Najpovoljnije cene | Končar Elektro -trgovina električnog, ručnog alata ","https://koncarelektro.rs/proizvodjac/ingco/","https://koncarelektro.rs/proizvodjac/ingco/","Ingco","INGCO - SUPER INGCO","Organization+WebSite"
"/product-category/pumpe-za-vodu/elekticne-pumpe","/product-category/pumpe-za-vodu/elekticne-pumpe","gsc_top","200","OK","Elektične pumpe - Končar Elektro -trgovina električnog, ručnog alata i pribora","Elektične pumpe - Končar Elektro -trgovina električnog, ručnog alata i pribora","https://koncarelektro.rs/product-category/pumpe-za-vodu/elekticne-pumpe/","https://koncarelektro.rs/product-category/pumpe-za-vodu/elekticne-pumpe/","","Elektične pumpe","BreadcrumbList+Organization+WebSite"
"/politika-privatnosti","/politika-privatnosti","gsc_top","200","OK","Politika privatnosti - Končar Elektro -trgovina električnog, ručnog alata i pribora","Politika privatnosti - Končar Elektro -trgovina električnog, ručnog alata i pribora","https://koncarelektro.rs/politika-privatnosti/","https://koncarelektro.rs/politika-privatnosti/","Politika privatnosti","Politika privatnosti","Organization+WebSite"
"/product-category/aparati-za-varenje/inverterski-aparati","/product-category/aparati-za-varenje/inverterski-aparati","gsc_top","200","OK","Inverterski aparati - Končar Elektro -trgovina električnog, ručnog alata i pribora","Inverterski aparati - Končar Elektro -trgovina električnog, ručnog alata i pribora","https://koncarelektro.rs/product-category/aparati-za-varenje/inverterski-aparati/","https://koncarelektro.rs/product-category/aparati-za-varenje/inverterski-aparati/","INVERTERSKI APARATI","Inverterski aparati","BreadcrumbList+Organization+WebSite"
"/prodavnica/kosacice-i-trimeri/samohodna-motorna-kosacica-wr65355abk-7hp-adk","/prodavnica/kosacice-i-trimeri/samohodna-motorna-kosacica-wr65355abk-7hp-adk","gsc_top","200","OK","WR65355ABK Samohodna motorna kosačica 7HP ADK","WR65355ABK Samohodna motorna kosačica 7HP ADK","https://koncarelektro.rs/prodavnica/kosacice-i-trimeri/samohodna-motorna-kosacica-wr65355abk-7hp-adk/","https://koncarelektro.rs/prodavnica/kosacice-i-trimeri/samohodna-motorna-kosacica-wr65355abk-7hp-adk/","","Samohodna motorna kosačica WR65355ABK 7HP (29989) ADK","Organization+WebSite"
"/product-category/agregati/dizel-agregati","/product-category/agregati/dizel-agregati","gsc_top","200","OK","Dizel Agregati - Končar Elektro -trgovina električnog, ručnog alata i pribora","Dizel Agregati - Končar Elektro -trgovina električnog, ručnog alata i pribora","https://koncarelektro.rs/product-category/agregati/dizel-agregati/","https://koncarelektro.rs/product-category/agregati/dizel-agregati/","DIZEL AGREGATI","Dizel Agregati","BreadcrumbList+Organization+WebSite"
"/product-category/agregati/inverterski-agregati","/product-category/agregati/inverterski-agregati","gsc_top","200","OK","Inverterski agregati - Končar Elektro -trgovina električnog, ručnog alata i pribora","Inverterski agregati - Končar Elektro -trgovina električnog, ručnog alata i pribora","https://koncarelektro.rs/product-category/agregati/inverterski-agregati/","https://koncarelektro.rs/product-category/agregati/inverterski-agregati/","INVERTERSKI AGREGATI","Inverterski agregati","BreadcrumbList+Organization+WebSite"
"/prodavnica/ads/akumulatorski-trimer-za-travu-cstli202522","/prodavnica/ads/akumulatorski-trimer-za-travu-cstli202522","gsc_top","200","OK","Akumulatorski trimer za travu CSTLI202522 INGCO cena | Kupovina online - Končar Elektro -trgovina el","Akumulatorski trimer za travu CSTLI202522 INGCO cena | Kupovina online - Končar Elektro -trgovina el","https://koncarelektro.rs/prodavnica/ads/akumulatorski-trimer-za-travu-cstli202522/","https://koncarelektro.rs/prodavnica/ads/akumulatorski-trimer-za-travu-cstli202522/","","Akumulatorski trimer za travu CSTLI202522 INGCO","Organization+WebSite"
"/prodavnica/kosacice-i-trimeri/motorni-trimer-za-travu-gtb530ku-272-ks-kawasaki-32830-adk","/prodavnica/kosacice-i-trimeri/motorni-trimer-za-travu-gtb530ku-272-ks-kawasaki-32830-adk","gsc_top","200","OK","GTB530KU Motorni trimer za travu 2,72 KS Kawasaki (32830) ADK","GTB530KU Motorni trimer za travu 2,72 KS Kawasaki (32830) ADK","https://koncarelektro.rs/prodavnica/kosacice-i-trimeri/motorni-trimer-za-travu-gtb530ku-272-ks-kawasaki-32830-adk/","https://koncarelektro.rs/prodavnica/kosacice-i-trimeri/motorni-trimer-za-travu-gtb530ku-272-ks-kawasaki-32830-adk/","Motorni trimer za travu GTB530KU 2,72 KS Kawasaki (32830) ADK","Motorni trimer za travu GTB530KU 2,72 KS Kawasaki (32830) ADK","BreadcrumbList+Organization+Product+WebSite"
"/proizvodi","/proizvodi","gsc_top","200","OK","Proizvodi cena | Kupovina online - Končar Elektro -trgovina električnog, ručnog alata i pribora","Proizvodi cena | Kupovina online - Končar Elektro -trgovina električnog, ručnog alata i pribora","https://koncarelektro.rs/proizvodi/","https://koncarelektro.rs/proizvodi/","ALATI","Proizvodi","Organization+WebSite"
"/prodavnica/ponuda/kolica-sa-alatom-htcs273281-328kom-super-ingco","/prodavnica/ponuda/kolica-sa-alatom-htcs273281-328kom-super-ingco","gsc_top","200","OK","HTCS273281 Kolica sa alatom 328kom. SUPER INGCO","HTCS273281 Kolica sa alatom 328kom. SUPER INGCO","https://koncarelektro.rs/prodavnica/ponuda/kolica-sa-alatom-htcs273281-328kom-super-ingco/","https://koncarelektro.rs/prodavnica/ponuda/kolica-sa-alatom-htcs273281-328kom-super-ingco/","Kolica sa alatom HTCS273281 328kom. SUPER INGCO","Kolica sa alatom HTCS273281 328kom. SUPER INGCO","BreadcrumbList+Organization+Product+WebSite"
"/product-category/agregati","/product-category/agregati","gsc_top","200","OK","Agregati za struju | Benzinski i dizel |Agregati - Končar Elektro -trgovina električnog, ručnog alat","Agregati za struju | Benzinski i dizel |Agregati - Končar Elektro -trgovina električnog, ručnog alat","https://koncarelektro.rs/product-category/agregati/","https://koncarelektro.rs/product-category/agregati/","MAŠINE I OPREMA","Agregati za struju – Benzinski i dizel agregati | Končar Elektro Leskovac","BreadcrumbList+Organization+WebSite"
"/proizvodjac/adk","/proizvodjac/adk","gsc_top","200","OK","ADK alati – Najpovoljnije cene | Končar Elektro -trgovina električnog, ručnog alata i pribora","ADK alati – Najpovoljnije cene | Končar Elektro -trgovina električnog, ručnog alata i pribora","https://koncarelektro.rs/proizvodjac/adk/","https://koncarelektro.rs/proizvodjac/adk/","Adk","ADK","Organization+WebSite"
"/prodavnica/ponuda/inverterski-mma-aparat-za-varenje-ing-mma20069e-200a-super-ingco","/prodavnica/ponuda/inverterski-mma-aparat-za-varenje-ing-mma20069e-200a-super-ingco","gsc_top","200","OK","ING-MMA20069E Inverterski MMA aparat za varenje 200A","ING-MMA20069E Inverterski MMA aparat za varenje 200A","https://koncarelektro.rs/prodavnica/ponuda/inverterski-mma-aparat-za-varenje-ing-mma20069e-200a-super-ingco/","https://koncarelektro.rs/prodavnica/ponuda/inverterski-mma-aparat-za-varenje-ing-mma20069e-200a-super-ingco/","Inverterski MMA aparat za varenje ING-MMA20069E 200A SUPER INGCO","Inverterski MMA aparat za varenje ING-MMA20069E 200A SUPER INGCO","BreadcrumbList+Organization+Product+WebSite"
"/kontakt","/kontakt","gsc_top","200","OK","Kontakt - Končar Elektro -trgovina električnog, ručnog alata i pribora","Kontakt - Končar Elektro -trgovina električnog, ručnog alata i pribora","https://koncarelektro.rs/kontakt/","https://koncarelektro.rs/kontakt/","Kontakt","","Organization+WebSite"
"/prodavnica/kosacice-i-trimeri/motorni-benzinski-trimer-umk435e3-ue-et-125-kw-16ks-honda","/prodavnica/kosacice-i-trimeri/motorni-benzinski-trimer-umk435e3-ue-et-125-kw-16ks-honda","gsc_top","200","OK","HONDA Motorni benzinski trimer UMK435E3 UE ET 1,25 kW/1,6KS","HONDA Motorni benzinski trimer UMK435E3 UE ET 1,25 kW/1,6KS","https://koncarelektro.rs/prodavnica/kosacice-i-trimeri/motorni-benzinski-trimer-umk435e3-ue-et-125-kw-16ks-honda/","https://koncarelektro.rs/prodavnica/kosacice-i-trimeri/motorni-benzinski-trimer-umk435e3-ue-et-125-kw-16ks-honda/","Motorni benzinski trimer UMK435E3 UE ET 1,25 kW/1,6KS HONDA","Motorni benzinski trimer UMK435E3 UE ET 1,25 kW/1,6KS HONDA","BreadcrumbList+Organization+Product+WebSite"
"/prodavnica/ponuda/akumulatorska-pegla-za-plasticne-cevi-ptwtli2018-solo-super-ingco","/prodavnica/ponuda/akumulatorska-pegla-za-plasticne-cevi-ptwtli2018-solo-super-ingco","gsc_top","200","OK","SUPER Ingco Akumulatorska pegla za plastične cevi PTWTLI201","SUPER Ingco Akumulatorska pegla za plastične cevi PTWTLI201","https://koncarelektro.rs/prodavnica/ponuda/akumulatorska-pegla-za-plasticne-cevi-ptwtli2018-solo-super-ingco/","https://koncarelektro.rs/prodavnica/ponuda/akumulatorska-pegla-za-plasticne-cevi-ptwtli2018-solo-super-ingco/","Akumulatorska pegla za plastične cevi PTWTLI2018 Solo SUPER INGCO","Akumulatorska pegla za plastične cevi PTWTLI2018 Solo SUPER INGCO","BreadcrumbList+Organization+Product+WebSite"
"/product-category/pumpe-za-vodu/hidrofori","/product-category/pumpe-za-vodu/hidrofori","gsc_top","200","OK","Hidrofori - Končar Elektro -trgovina električnog, ručnog alata i pribora","Hidrofori - Končar Elektro -trgovina električnog, ručnog alata i pribora","https://koncarelektro.rs/product-category/pumpe-za-vodu/hidrofori/","https://koncarelektro.rs/product-category/pumpe-za-vodu/hidrofori/","","Hidrofori","BreadcrumbList+Organization+WebSite"
"/uvoznik/odc-doo","/pretraga","gsc_top","200","OK","ODC d.o.o. - Zaječar - Končar Elektro -trgovina električnog, ručnog alata i pribora","Pretraga proizvoda - Končar Elektro -trgovina električnog, ručnog alata i pribora","https://koncarelektro.rs/pretraga/","https://koncarelektro.rs/pretraga/","odc doo","ODC d.o.o. - Zaječar","Organization+WebSite"
"/prodavnica/kosacice-i-trimeri/motorni-trimer-za-travu-gtb6306u-28kw-38-ks-32828-adk","/prodavnica/kosacice-i-trimeri/motorni-trimer-za-travu-gtb6306u-28kw-38-ks-32828-adk","gsc_top","200","OK","GTB6306U Motorni trimer za travu 2,8kW / 3,8 KS (32828) ADK","GTB6306U Motorni trimer za travu 2,8kW / 3,8 KS (32828) ADK","https://koncarelektro.rs/prodavnica/kosacice-i-trimeri/motorni-trimer-za-travu-gtb6306u-28kw-38-ks-32828-adk/","https://koncarelektro.rs/prodavnica/kosacice-i-trimeri/motorni-trimer-za-travu-gtb6306u-28kw-38-ks-32828-adk/","Motorni trimer za travu GTB6306U 2,8kW / 3,8 KS (32828) ADK","Motorni trimer za travu GTB6306U 2,8kW / 3,8 KS (32828) ADK","BreadcrumbList+Organization+Product+WebSite"
"/prodavnica/ponuda/elektricna-cekic-busilica-rh1600388-1600w-super-ingco","/prodavnica/ponuda/elektricna-cekic-busilica-rh1600388-1600w-super-ingco","gsc_top","200","OK","SUPER INGCO Električna čekić bušilica RH1600388 1600W","SUPER INGCO Električna čekić bušilica RH1600388 1600W","https://koncarelektro.rs/prodavnica/ponuda/elektricna-cekic-busilica-rh1600388-1600w-super-ingco/","https://koncarelektro.rs/prodavnica/ponuda/elektricna-cekic-busilica-rh1600388-1600w-super-ingco/","Električna čekić bušilica RH1600388 1600W SUPER INGCO","Električna čekić bušilica RH1600388 1600W SUPER INGCO","BreadcrumbList+Organization+Product+WebSite"
"/product-category/elektricni-alat/ger-masine","/product-category/elektricni-alat/ger-masine","gsc_top","200","OK","Ger mašine - Končar Elektro -trgovina električnog, ručnog alata i pribora","Ger mašine - Končar Elektro -trgovina električnog, ručnog alata i pribora","https://koncarelektro.rs/product-category/elektricni-alat/ger-masine/","https://koncarelektro.rs/product-category/elektricni-alat/ger-masine/","GER MASINE","Ger mašine","BreadcrumbList+Organization+WebSite"
"/product-category/akumulatorski-alat/akumulatorski-setovi","/product-category/akumulatorski-alat/akumulatorski-setovi","gsc_top","200","OK","Akumulatorski setovi - Končar Elektro -trgovina električnog, ručnog alata i pribora","Akumulatorski setovi - Končar Elektro -trgovina električnog, ručnog alata i pribora","https://koncarelektro.rs/product-category/akumulatorski-alat/akumulatorski-setovi/","https://koncarelektro.rs/product-category/akumulatorski-alat/akumulatorski-setovi/","AKUMULATORSKI SETOVI","Akumulatorski setovi","BreadcrumbList+Organization+WebSite"
"/product-category/pumpe-za-vodu/potapajuce-pumpe","/product-category/pumpe-za-vodu/potapajuce-pumpe","gsc_top","200","OK","Potapajuće pumpe - Končar Elektro -trgovina električnog, ručnog alata i pribora","Potapajuće pumpe - Končar Elektro -trgovina električnog, ručnog alata i pribora","https://koncarelektro.rs/product-category/pumpe-za-vodu/potapajuce-pumpe/","https://koncarelektro.rs/product-category/pumpe-za-vodu/potapajuce-pumpe/","","Potapajuće pumpe","BreadcrumbList+Organization+WebSite"
"/proizvodjac/hugong","/proizvodjac/hugong","gsc_top","200","OK","HUGONG aparati – Najpovoljnije cene | Končar Elektro -trgovina električnog, ručnog alata i pribora","HUGONG aparati – Najpovoljnije cene | Končar Elektro -trgovina električnog, ručnog alata i pribora","https://koncarelektro.rs/proizvodjac/hugong/","https://koncarelektro.rs/proizvodjac/hugong/","Hugong","HUGONG","Organization+WebSite"
"/proizvodjac/ingco/page/4","/proizvodjac/ingco/page/4","gsc_top","200","OK","","Ingco - Končar Elektro -trgovina električnog, ručnog alata i pribora","https://koncarelektro.rs/proizvodjac/ingco/page/4/","https://koncarelektro.rs/proizvodjac/ingco/page/4/","Ingco","","Organization+WebSite"
"/prodavnica/ponuda/akumulatorski-duvac-lisca-cabli20428-20v-solo-ingco","/prodavnica/ponuda/akumulatorski-duvac-lisca-cabli20428-20v-solo-ingco","gsc_top","200","OK","Ingco Akumulatorski duvač lišća CABLI20428 20V SOLO","Ingco Akumulatorski duvač lišća CABLI20428 20V SOLO","https://koncarelektro.rs/prodavnica/ponuda/akumulatorski-duvac-lisca-cabli20428-20v-solo-ingco/","https://koncarelektro.rs/prodavnica/ponuda/akumulatorski-duvac-lisca-cabli20428-20v-solo-ingco/","Akumulatorski duvač lišća CABLI20428 20V SOLO Ingco","Akumulatorski duvač lišća CABLI20428 20V SOLO Ingco","BreadcrumbList+Organization+Product+WebSite"
"/product-category/elektricni-alat/rende-i-abrihteri-za-drvo","/product-category/elektricni-alat/rende-i-abrihteri-za-drvo","gsc_top","200","OK","Rende i Abrihteri za drvo - Končar Elektro -trgovina električnog, ručnog alata i pribora","Rende i Abrihteri za drvo - Končar Elektro -trgovina električnog, ručnog alata i pribora","https://koncarelektro.rs/product-category/elektricni-alat/rende-i-abrihteri-za-drvo/","https://koncarelektro.rs/product-category/elektricni-alat/rende-i-abrihteri-za-drvo/","RENDE I ABRIHTERI ZA DRVO","Rende i Abrihteri za drvo","BreadcrumbList+Organization+WebSite"
"/prodavnica/pribor/glodala-za-drvo/sds-plus-prihvatna-drska-za-steznu-glavu-1-2-20-unf-bosch","/prodavnica/pribor/glodala-za-drvo/sds-plus-prihvatna-drska-za-steznu-glavu-1-2-20-unf-bosch","sample_product","200","OK","SDS plus prihvatna drška za steznu glavu 1/2&quot;-20 UNF BOSCH cena | Kupovina online - Končar Elek","SDS plus prihvatna drška za steznu glavu 1/2&amp;quot;-20 UNF BOSCH cena | Kupovina online - Končar ","https://koncarelektro.rs/prodavnica/pribor/glodala-za-drvo/sds-plus-prihvatna-drska-za-steznu-glavu-1-2-20-unf-bosch/","https://koncarelektro.rs/prodavnica/pribor/glodala-za-drvo/sds-plus-prihvatna-drska-za-steznu-glavu-1-2-20-unf-bosch/","SDS plus prihvatna drška za steznu glavu 1/2&amp;#8243;-20 UNF  BOSCH","SDS plus prihvatna drška za steznu glavu 1/2&#8243;-20 UNF BOSCH","BreadcrumbList+Organization+Product+WebSite"
"/prodavnica/pribor/burgije/hamer-burgija-s4l-sds-25-950-1000-mm-bosch","/prodavnica/pribor/burgije/hamer-burgija-s4l-sds-25-950-1000-mm-bosch","sample_product","200","OK","Hamer burgija S4L SDS 25/950/1000 mm BOSCH cena | Kupovina online - Končar Elektro -trgovina elektri","Hamer burgija S4L SDS 25/950/1000 mm BOSCH cena | Kupovina online - Končar Elektro -trgovina elektri","https://koncarelektro.rs/prodavnica/pribor/burgije/hamer-burgija-s4l-sds-25-950-1000-mm-bosch/","https://koncarelektro.rs/prodavnica/pribor/burgije/hamer-burgija-s4l-sds-25-950-1000-mm-bosch/","Hamer burgija S4L SDS 25/950/1000 mm BOSCH","Hamer burgija S4L SDS 25/950/1000 mm BOSCH","BreadcrumbList+Organization+Product+WebSite"
"/prodavnica/pribor/burgije/udarna-burgija-sds-max-8x-28-x-400-x-520-mm-bosch","/prodavnica/pribor/burgije/udarna-burgija-sds-max-8x-28-x-400-x-520-mm-bosch","sample_product","200","OK","Udarna burgija SDS max-8x 28 x 400 x 520 mm BOSCH cena | Kupovina online - Končar Elektro -trgovina ","Udarna burgija SDS max-8x 28 x 400 x 520 mm BOSCH cena | Kupovina online - Končar Elektro -trgovina ","https://koncarelektro.rs/prodavnica/pribor/burgije/udarna-burgija-sds-max-8x-28-x-400-x-520-mm-bosch/","https://koncarelektro.rs/prodavnica/pribor/burgije/udarna-burgija-sds-max-8x-28-x-400-x-520-mm-bosch/","Udarna burgija SDS max-8x  28 x 400 x 520 mm  BOSCH","Udarna burgija SDS max-8x 28 x 400 x 520 mm BOSCH","BreadcrumbList+Organization+Product+WebSite"
"/prodavnica/pribor/burgije/brzostezna-glava-sds-plus-brzostezna-glava-bosch-2","/prodavnica/pribor/burgije/brzostezna-glava-sds-plus-brzostezna-glava-bosch-2","sample_product","200","OK","Brzostezna glava SDS plus Brzostezna glava BOSCH cena | Kupovina online - Končar Elektro -trgovina e","Brzostezna glava SDS plus Brzostezna glava BOSCH cena | Kupovina online - Končar Elektro -trgovina e","https://koncarelektro.rs/prodavnica/pribor/burgije/brzostezna-glava-sds-plus-brzostezna-glava-bosch-2/","https://koncarelektro.rs/prodavnica/pribor/burgije/brzostezna-glava-sds-plus-brzostezna-glava-bosch-2/","Brzostezna glava SDS plus Brzostezna glava BOSCH","Brzostezna glava SDS plus Brzostezna glava BOSCH","BreadcrumbList+Organization+Product+WebSite"
"/prodavnica/aparati-za-varenje/inverterski-aparati/inverter-varin-1305-e-varstroj","/prodavnica/aparati-za-varenje/inverterski-aparati/inverter-varin-1305-e-varstroj","sample_product","200","OK","Inverter Varin 1305 E - VARSTROJ cena | Kupovina online - Končar Elektro -trgovina električnog, ručn","Inverter Varin 1305 E - VARSTROJ cena | Kupovina online - Končar Elektro -trgovina električnog, ručn","https://koncarelektro.rs/prodavnica/aparati-za-varenje/inverterski-aparati/inverter-varin-1305-e-varstroj/","https://koncarelektro.rs/prodavnica/aparati-za-varenje/inverterski-aparati/inverter-varin-1305-e-varstroj/","Inverter Varin 1305 E &amp;#8211; VARSTROJ","Inverter Varin 1305 E &#8211; VARSTROJ","BreadcrumbList+Organization+Product+WebSite"
"/prodavnica/oprema-za-dvoriste/creva-za-dvoriste-i-bastu/crevo-ekonomik-3-420m-15g803-verto","/prodavnica/oprema-za-dvoriste/creva-za-dvoriste-i-bastu/crevo-ekonomik-3-420m-15g803-verto","sample_product","200","OK","Crevo ekonomik 3/4&quot;20m 15G803 Verto cena | Kupovina online - Končar Elektro -trgovina električn","Crevo ekonomik 3/4&amp;quot;20m 15G803 Verto cena | Kupovina online - Končar Elektro -trgovina elekt","https://koncarelektro.rs/prodavnica/oprema-za-dvoriste/creva-za-dvoriste-i-bastu/crevo-ekonomik-3-420m-15g803-verto/","https://koncarelektro.rs/prodavnica/oprema-za-dvoriste/creva-za-dvoriste-i-bastu/crevo-ekonomik-3-420m-15g803-verto/","Crevo ekonomik 3/4&amp;#8243;20m 15G803 Verto","Crevo ekonomik 3/4&#8243;20m 15G803 Verto","BreadcrumbList+Organization+Product+WebSite"
"/prodavnica/elektricni-alat/brusilice/ugaona-brusilica-500-w-51g053-verto","/prodavnica/elektricni-alat/brusilice/ugaona-brusilica-500-w-51g053-verto","sample_product","200","OK","Ugaona brusilica 500 W 51G053 Verto cena | Kupovina online - Končar Elektro -trgovina električnog, r","Ugaona brusilica 500 W 51G053 Verto cena | Kupovina online - Končar Elektro -trgovina električnog, r","https://koncarelektro.rs/prodavnica/elektricni-alat/brusilice/ugaona-brusilica-500-w-51g053-verto/","https://koncarelektro.rs/prodavnica/elektricni-alat/brusilice/ugaona-brusilica-500-w-51g053-verto/","Ugaona brusilica 500 W 51G053 Verto","Ugaona brusilica 500 W 51G053 Verto","BreadcrumbList+Organization+Product+WebSite"
"/prodavnica/akumulatorski-alat/laseri/univerzalni-drzac-lasera-rm-1-bosch","/prodavnica/akumulatorski-alat/laseri/univerzalni-drzac-lasera-rm-1-bosch","sample_product","200","OK","Univerzalni držač lasera RM 1 BOSCH (0601092600) cena | Kupovina online - Končar Elektro -trgovina e","Univerzalni držač lasera RM 1 BOSCH (0601092600) cena | Kupovina online - Končar Elektro -trgovina e","https://koncarelektro.rs/prodavnica/akumulatorski-alat/laseri/univerzalni-drzac-lasera-rm-1-bosch/","https://koncarelektro.rs/prodavnica/akumulatorski-alat/laseri/univerzalni-drzac-lasera-rm-1-bosch/","","Univerzalni držač lasera RM 1 BOSCH (0601092600)","Organization+WebSite"
"/prodavnica/rucni-alat-i-pribor/koferi-klaseri-i-nosaci-alata/koferi/13-delni-l-boxx-102-set-445-x-360-x-117-mm-bosch-2","/prodavnica/rucni-alat-i-pribor/koferi-klaseri-i-nosaci-alata/koferi/13-delni-l-boxx-102-set-445-x-360-x-117-mm-bosch-2","sample_product","200","OK","13-delni L-BOXX 102 set 445 x 360 x 117 mm (1600A001S2) BOSCH cena | Kupovina online - Končar Elektr","13-delni L-BOXX 102 set 445 x 360 x 117 mm (1600A001S2) BOSCH cena | Kupovina online - Končar Elektr","https://koncarelektro.rs/prodavnica/rucni-alat-i-pribor/koferi-klaseri-i-nosaci-alata/koferi/13-delni-l-boxx-102-set-445-x-360-x-117-mm-bosch-2/","https://koncarelektro.rs/prodavnica/rucni-alat-i-pribor/koferi-klaseri-i-nosaci-alata/koferi/13-delni-l-boxx-102-set-445-x-360-x-117-mm-bosch-2/","","13-delni L-BOXX 102 set 445 x 360 x 117 mm (1600A001S2) BOSCH","Organization+WebSite"
"/prodavnica/kompresori-i-pneumatski-alati/pneumatski-alati-i-pribor/udarni-odvrtac-1-2-atm1043-ferm","/prodavnica/kompresori-i-pneumatski-alati/pneumatski-alati-i-pribor/udarni-odvrtac-1-2-atm1043-ferm","sample_product","200","OK","Udarni odvrtač 1/2&quot; ATM1043 Ferm cena | Kupovina online - Končar Elektro -trgovina električnog,","Udarni odvrtač 1/2&amp;quot; ATM1043 Ferm cena | Kupovina online - Končar Elektro -trgovina električ","https://koncarelektro.rs/prodavnica/kompresori-i-pneumatski-alati/pneumatski-alati-i-pribor/udarni-odvrtac-1-2-atm1043-ferm/","https://koncarelektro.rs/prodavnica/kompresori-i-pneumatski-alati/pneumatski-alati-i-pribor/udarni-odvrtac-1-2-atm1043-ferm/","Udarni odvrtač 1/2&amp;#8243; ATM1043 Ferm","Udarni odvrtač 1/2&#8243; ATM1043 Ferm","BreadcrumbList+Organization+Product+WebSite"
"/prodavnica/agregati/inverterski-agregati/agregat-besumni-inverter-hj-g2000i-hyundai","/prodavnica/agregati/inverterski-agregati/agregat-besumni-inverter-hj-g2000i-hyundai","sample_product","200","OK","Agregat bešumni inverter HJ.G2000i HYUNDAI cena | Kupovina online - Končar Elektro -trgovina elektri","Agregat bešumni inverter HJ.G2000i HYUNDAI cena | Kupovina online - Končar Elektro -trgovina elektri","https://koncarelektro.rs/prodavnica/agregati/inverterski-agregati/agregat-besumni-inverter-hj-g2000i-hyundai/","https://koncarelektro.rs/prodavnica/agregati/inverterski-agregati/agregat-besumni-inverter-hj-g2000i-hyundai/","Agregat bešumni inverter HJ.G2000i HYUNDAI","Agregat bešumni inverter HJ.G2000i HYUNDAI","BreadcrumbList+Organization+Product+WebSite"
"/prodavnica/pumpe-za-vodu/benzinske-pumpe/benzinske-pumpe-za-vodu-hwhp50-hyundai","/prodavnica/pumpe-za-vodu/benzinske-pumpe/benzinske-pumpe-za-vodu-hwhp50-hyundai","sample_product","200","OK","Benzinske pumpe za vodu HWHP50 HYUNDAI cena | Kupovina online - Končar Elektro -trgovina električnog","Benzinske pumpe za vodu HWHP50 HYUNDAI cena | Kupovina online - Končar Elektro -trgovina električnog","https://koncarelektro.rs/prodavnica/pumpe-za-vodu/benzinske-pumpe/benzinske-pumpe-za-vodu-hwhp50-hyundai/","https://koncarelektro.rs/prodavnica/pumpe-za-vodu/benzinske-pumpe/benzinske-pumpe-za-vodu-hwhp50-hyundai/","Benzinske pumpe za vodu HWHP50 HYUNDAI","Benzinske pumpe za vodu HWHP50 HYUNDAI","BreadcrumbList+Organization+Product+WebSite"
"/prodavnica/kosacice-i-trimeri-dobra/elektricni-trimeri/trimer-za-travu-art-24-400w-bosch","/prodavnica/kosacice-i-trimeri-dobra/elektricni-trimeri/trimer-za-travu-art-24-400w-bosch","sample_product","200","OK","Električni trimer za travu ART 24 400W (06008A5800) BOSCH cena | Kupovina online - Končar Elektro -t","Električni trimer za travu ART 24 400W (06008A5800) BOSCH cena | Kupovina online - Končar Elektro -t","https://koncarelektro.rs/prodavnica/kosacice-i-trimeri-dobra/elektricni-trimeri/trimer-za-travu-art-24-400w-bosch/","https://koncarelektro.rs/prodavnica/kosacice-i-trimeri-dobra/elektricni-trimeri/trimer-za-travu-art-24-400w-bosch/","","Električni trimer za travu ART 24 400W (06008A5800) BOSCH","Organization+WebSite"
"/prodavnica/poljoprivredni-alati-i-oprema/kosacice/traktorska-kosacica-titan-t98s-14ks","/prodavnica/poljoprivredni-alati-i-oprema/kosacice/traktorska-kosacica-titan-t98s-14ks","sample_product","200","OK","T98S Titan Traktorska kosačica 14KS","T98S Titan Traktorska kosačica 14KS","https://koncarelektro.rs/prodavnica/poljoprivredni-alati-i-oprema/kosacice/traktorska-kosacica-titan-t98s-14ks/","https://koncarelektro.rs/prodavnica/poljoprivredni-alati-i-oprema/kosacice/traktorska-kosacica-titan-t98s-14ks/","Traktorska kosačica Titan T98S 14KS","Traktorska kosačica Titan T98S 14KS","BreadcrumbList+Organization+Product+WebSite"
"/prodavnica/ponuda/kofer-kutija-system-organizer-l-239087-qbrick","/prodavnica/ponuda/kofer-kutija-system-organizer-l-239087-qbrick","sample_product","200","OK","SYSTEM ORGANIZER L 239087 Kofer kutija QBRICK","SYSTEM ORGANIZER L 239087 Kofer kutija QBRICK","https://koncarelektro.rs/prodavnica/ponuda/kofer-kutija-system-organizer-l-239087-qbrick/","https://koncarelektro.rs/prodavnica/ponuda/kofer-kutija-system-organizer-l-239087-qbrick/","Kofer kutija SYSTEM ORGANIZER L 239087 QBRICK","Kofer kutija SYSTEM ORGANIZER L 239087 QBRICK","BreadcrumbList+Organization+Product+WebSite"
"/prodavnica/ponuda/makita-d-44460-dijamantska-kruna-za-keramiku-m14-22mm","/prodavnica/ponuda/makita-d-44460-dijamantska-kruna-za-keramiku-m14-22mm","sample_product","200","OK","D-44460 Makita dijamantska kruna za keramiku M14 22mm","D-44460 Makita dijamantska kruna za keramiku M14 22mm","https://koncarelektro.rs/prodavnica/ponuda/makita-d-44460-dijamantska-kruna-za-keramiku-m14-22mm/","https://koncarelektro.rs/prodavnica/ponuda/makita-d-44460-dijamantska-kruna-za-keramiku-m14-22mm/","Makita D-44460 dijamantska kruna za keramiku M14 22mm","Makita D-44460 dijamantska kruna za keramiku M14 22mm","BreadcrumbList+Organization+Product+WebSite"
"/prodavnica/agregati/inverterski-agregat-generator-gpg-1100is-pro-f-f-group","/prodavnica/agregati/inverterski-agregat-generator-gpg-1100is-pro-f-f-group","sample_product","200","OK","GPG 1100iS PRO Inverterski agregat (generator) F. F. GROUP","GPG 1100iS PRO Inverterski agregat (generator) F. F. GROUP","https://koncarelektro.rs/prodavnica/agregati/inverterski-agregat-generator-gpg-1100is-pro-f-f-group/","https://koncarelektro.rs/prodavnica/agregati/inverterski-agregat-generator-gpg-1100is-pro-f-f-group/","Inverterski agregat (generator) GPG 1100iS PRO F. F.GROUP","Inverterski agregat (generator) GPG 1100iS PRO F. F.GROUP","BreadcrumbList+Organization+Product+WebSite"
"/prodavnica/elektricni-alat/brusilice/makita-pv7000c-brusilica-za-poliranje-900w","/prodavnica/elektricni-alat/brusilice/makita-pv7000c-brusilica-za-poliranje-900w","sample_product","200","OK","Makita PV7000C Brusilica za poliranje, 900W cena | Kupovina online - Končar Elektro -trgovina elektr","Makita PV7000C Brusilica za poliranje, 900W cena | Kupovina online - Končar Elektro -trgovina elektr","https://koncarelektro.rs/prodavnica/elektricni-alat/brusilice/makita-pv7000c-brusilica-za-poliranje-900w/","https://koncarelektro.rs/prodavnica/elektricni-alat/brusilice/makita-pv7000c-brusilica-za-poliranje-900w/","Makita PV7000C Brusilica za poliranje, 900W","Makita PV7000C Brusilica za poliranje, 900W","BreadcrumbList+Organization+Product+WebSite"
"/prodavnica/elektricni-alat/cekic-busilice-i-stemarice/makita-hr3210c-cekic-busilica-850w","/prodavnica/elektricni-alat/cekic-busilice-i-stemarice/makita-hr3210c-cekic-busilica-850w","sample_product","200","OK","Makita HR3210C Čekić-bušilica, 850W cena | Kupovina online - Končar Elektro -trgovina električnog, r","Makita HR3210C Čekić-bušilica, 850W cena | Kupovina online - Končar Elektro -trgovina električnog, r","https://koncarelektro.rs/prodavnica/elektricni-alat/cekic-busilice-i-stemarice/makita-hr3210c-cekic-busilica-850w/","https://koncarelektro.rs/prodavnica/elektricni-alat/cekic-busilice-i-stemarice/makita-hr3210c-cekic-busilica-850w/","Makita HR3210C Čekić-bušilica, 850W","Makita HR3210C Čekić-bušilica, 850W","BreadcrumbList+Organization+Product+WebSite"
"/prodavnica/akumulatorski-alat/akumulatorske-brusilice/makita-ga008gm201-xgt-akumulatorska-ugaona-brusilica-40v-125mm","/prodavnica/akumulatorski-alat/akumulatorske-brusilice/makita-ga008gm201-xgt-akumulatorska-ugaona-brusilica-40v-125mm","sample_product","200","OK","Makita GA008GM201 XGT Akumulatorska ugaona brusilica, 40V, 125mm cena | Kupovina online - Končar Ele","Makita GA008GM201 XGT Akumulatorska ugaona brusilica, 40V, 125mm cena | Kupovina online - Končar Ele","https://koncarelektro.rs/prodavnica/akumulatorski-alat/akumulatorske-brusilice/makita-ga008gm201-xgt-akumulatorska-ugaona-brusilica-40v-125mm/","https://koncarelektro.rs/prodavnica/akumulatorski-alat/akumulatorske-brusilice/makita-ga008gm201-xgt-akumulatorska-ugaona-brusilica-40v-125mm/","Makita GA008GM201 XGT Akumulatorska ugaona brusilica, 40V, 125mm","Makita GA008GM201 XGT Akumulatorska ugaona brusilica, 40V, 125mm","BreadcrumbList+Organization+Product+WebSite"
"/prodavnica/akumulatorski-alat/akumulatorske-brusilice/makita-dga504rtj-akumulatorska-ugaona-brusilica","/prodavnica/akumulatorski-alat/akumulatorske-brusilice/makita-dga504rtj-akumulatorska-ugaona-brusilica","sample_product","200","OK","Makita DGA504RTJ Akumulatorska ugaona brusilica cena | Kupovina online - Končar Elektro -trgovina el","Makita DGA504RTJ Akumulatorska ugaona brusilica cena | Kupovina online - Končar Elektro -trgovina el","https://koncarelektro.rs/prodavnica/akumulatorski-alat/akumulatorske-brusilice/makita-dga504rtj-akumulatorska-ugaona-brusilica/","https://koncarelektro.rs/prodavnica/akumulatorski-alat/akumulatorske-brusilice/makita-dga504rtj-akumulatorska-ugaona-brusilica/","Makita DGA504RTJ Akumulatorska ugaona brusilica","Makita DGA504RTJ Akumulatorska ugaona brusilica","BreadcrumbList+Organization+Product+WebSite"
"/prodavnica/akumulatorski-alat/akumulatorske-busilice-odvijaci/makita-akumulatorska-ugaona-busilica-da001gz","/prodavnica/akumulatorski-alat/akumulatorske-busilice-odvijaci/makita-akumulatorska-ugaona-busilica-da001gz","sample_product","200","OK","Makita Akumulatorska ugaona bušilica DA001GZ cena | Kupovina online - Končar Elektro -trgovina elekt","Makita Akumulatorska ugaona bušilica DA001GZ cena | Kupovina online - Končar Elektro -trgovina elekt","https://koncarelektro.rs/prodavnica/akumulatorski-alat/akumulatorske-busilice-odvijaci/makita-akumulatorska-ugaona-busilica-da001gz/","https://koncarelektro.rs/prodavnica/akumulatorski-alat/akumulatorske-busilice-odvijaci/makita-akumulatorska-ugaona-busilica-da001gz/","Makita Akumulatorska ugaona bušilica DA001GZ","Makita Akumulatorska ugaona bušilica DA001GZ","BreadcrumbList+Organization+Product+WebSite"
"/prodavnica/akumulatorski-alat/akumulatorske-brusilice/ingcom-lithium-ion-ugaona-brusilica-ag110018","/prodavnica/akumulatorski-alat/akumulatorske-brusilice/ingcom-lithium-ion-ugaona-brusilica-ag110018","sample_product","200","OK","INGCO Ugaona brusilica AG110018 cena | Kupovina online - Končar Elektro -trgovina električnog, ručno","INGCO Ugaona brusilica AG110018 cena | Kupovina online - Končar Elektro -trgovina električnog, ručno","https://koncarelektro.rs/prodavnica/akumulatorski-alat/akumulatorske-brusilice/ingcom-lithium-ion-ugaona-brusilica-ag110018/","https://koncarelektro.rs/prodavnica/akumulatorski-alat/akumulatorske-brusilice/ingcom-lithium-ion-ugaona-brusilica-ag110018/","","INGCO Ugaona brusilica AG110018","Organization+WebSite"
"/prodavnica/akumulatorski-alat/baterije/li-on-baterija-za-ruksak-36v-pdc1200a01-makita","/prodavnica/akumulatorski-alat/baterije/li-on-baterija-za-ruksak-36v-pdc1200a01-makita","sample_product","200","OK","Li-on baterija za ruksak 36V PDC1200A01 Makita cena | Kupovina online - Končar Elektro -trgovina ele","Li-on baterija za ruksak 36V PDC1200A01 Makita cena | Kupovina online - Končar Elektro -trgovina ele","https://koncarelektro.rs/prodavnica/akumulatorski-alat/baterije/li-on-baterija-za-ruksak-36v-pdc1200a01-makita/","https://koncarelektro.rs/prodavnica/akumulatorski-alat/baterije/li-on-baterija-za-ruksak-36v-pdc1200a01-makita/","Li-on baterija za ruksak 36V PDC1200A01 Makita","Li-on baterija za ruksak 36V PDC1200A01 Makita","BreadcrumbList+Organization+Product+WebSite"
"/prodavnica/elektricni-alat/testere-i-cirkulari/rucna-kruzna-testera-2000w-5903r","/prodavnica/elektricni-alat/testere-i-cirkulari/rucna-kruzna-testera-2000w-5903r","sample_product","200","OK","Ručna kružna testera 2000W 5903R MAKITA cena | Kupovina online - Končar Elektro -trgovina električno","Ručna kružna testera 2000W 5903R MAKITA cena | Kupovina online - Končar Elektro -trgovina električno","https://koncarelektro.rs/prodavnica/elektricni-alat/testere-i-cirkulari/rucna-kruzna-testera-2000w-5903r/","https://koncarelektro.rs/prodavnica/elektricni-alat/testere-i-cirkulari/rucna-kruzna-testera-2000w-5903r/","","Ručna kružna testera 2000W 5903R MAKITA","Organization+WebSite"
"/prodavnica/akumulatorski-alat/akumulatorske-testere-i-cirkulari/aku-rucna-kruzna-testera-za-metal-18v-dcs553z-makita","/prodavnica/akumulatorski-alat/akumulatorske-testere-i-cirkulari/aku-rucna-kruzna-testera-za-metal-18v-dcs553z-makita","sample_product","200","OK","Akumulatorska ručna kružna testera za metal 18V - DCS553Z MAKITA cena | Kupovina online - Končar Ele","Akumulatorska ručna kružna testera za metal 18V - DCS553Z MAKITA cena | Kupovina online - Končar Ele","https://koncarelektro.rs/prodavnica/akumulatorski-alat/akumulatorske-testere-i-cirkulari/aku-rucna-kruzna-testera-za-metal-18v-dcs553z-makita/","https://koncarelektro.rs/prodavnica/akumulatorski-alat/akumulatorske-testere-i-cirkulari/aku-rucna-kruzna-testera-za-metal-18v-dcs553z-makita/","","Akumulatorska ručna kružna testera za metal 18V &#8211; DCS553Z MAKITA","Organization+WebSite"
"/prodavnica/akumulatorski-alat/akumulatorske-brusilice/akumulatorska-ugaona-brusilica-dga452rfj-18v-makita","/prodavnica/akumulatorski-alat/akumulatorske-brusilice/akumulatorska-ugaona-brusilica-dga452rfj-18v-makita","sample_product","200","OK","Akumulatorska ugaona brusilica DGA452RFJ 18V MAKITA cena | Kupovina online - Končar Elektro -trgovin","Akumulatorska ugaona brusilica DGA452RFJ 18V MAKITA cena | Kupovina online - Končar Elektro -trgovin","https://koncarelektro.rs/prodavnica/akumulatorski-alat/akumulatorske-brusilice/akumulatorska-ugaona-brusilica-dga452rfj-18v-makita/","https://koncarelektro.rs/prodavnica/akumulatorski-alat/akumulatorske-brusilice/akumulatorska-ugaona-brusilica-dga452rfj-18v-makita/","Akumulatorska ugaona brusilica DGA452RFJ 18V MAKITA","Akumulatorska ugaona brusilica DGA452RFJ 18V MAKITA","BreadcrumbList+Organization+Product+WebSite"
"/prodavnica/kompresori-i-pneumatski-alati/elektricni-kompresori-bezuljni/kompresor-za-vazduh-6l-mac610-makita","/prodavnica/kompresori-i-pneumatski-alati/elektricni-kompresori-bezuljni/kompresor-za-vazduh-6l-mac610-makita","sample_product","200","OK","Kompresor za vazduh 6L MAC610 MAKITA cena | Kupovina online - Končar Elektro -trgovina električnog, ","Kompresor za vazduh 6L MAC610 MAKITA cena | Kupovina online - Končar Elektro -trgovina električnog, ","https://koncarelektro.rs/prodavnica/kompresori-i-pneumatski-alati/elektricni-kompresori-bezuljni/kompresor-za-vazduh-6l-mac610-makita/","https://koncarelektro.rs/prodavnica/kompresori-i-pneumatski-alati/elektricni-kompresori-bezuljni/kompresor-za-vazduh-6l-mac610-makita/","Kompresor za vazduh 6L MAC610  MAKITA","Kompresor za vazduh 6L MAC610 MAKITA","BreadcrumbList+Organization+Product+WebSite"
"/prodavnica/elektricni-alat/ger-masine/ger-potezni-kgs-254-plus-metabo","/prodavnica/elektricni-alat/ger-masine/ger-potezni-kgs-254-plus-metabo","sample_product","200","OK","Ger potezni KGS 254 Plus (0102540300) METABO cena | Kupovina online - Končar Elektro -trgovina elekt","Ger potezni KGS 254 Plus (0102540300) METABO cena | Kupovina online - Končar Elektro -trgovina elekt","https://koncarelektro.rs/prodavnica/elektricni-alat/ger-masine/ger-potezni-kgs-254-plus-metabo/","https://koncarelektro.rs/prodavnica/elektricni-alat/ger-masine/ger-potezni-kgs-254-plus-metabo/","","Ger potezni KGS 254 Plus (0102540300) METABO","Organization+WebSite"
"/prodavnica/agregati/oprema-za-agregate/ats-uredjaj-za-automatsko-pokretanje-agregata-gardenmaster","/prodavnica/agregati/oprema-za-agregate/ats-uredjaj-za-automatsko-pokretanje-agregata-gardenmaster","sample_product","200","OK","ATS Uređaj Za Automatsko Pokretanje Agregata GARDENmaster cena | Kupovina online - Končar Elektro -t","ATS Uređaj Za Automatsko Pokretanje Agregata GARDENmaster cena | Kupovina online - Končar Elektro -t","https://koncarelektro.rs/prodavnica/agregati/oprema-za-agregate/ats-uredjaj-za-automatsko-pokretanje-agregata-gardenmaster/","https://koncarelektro.rs/prodavnica/agregati/oprema-za-agregate/ats-uredjaj-za-automatsko-pokretanje-agregata-gardenmaster/","","ATS Uređaj Za Automatsko Pokretanje Agregata GARDENmaster","Organization+WebSite"
"/prodavnica/akumulatorski-alat/akumulatorska-brusilica-bosch-easysander-18v-8-solo-06033e3000","/prodavnica/akumulatorski-alat/akumulatorska-brusilica-bosch-easysander-18v-8-solo-06033e3000","sample_product","200","OK","Akumulatorska brusilica Bosch EasySander 18V-8 Solo; (06033E3000) cena | Kupovina online - Končar El","Akumulatorska brusilica Bosch EasySander 18V-8 Solo; (06033E3000) cena | Kupovina online - Končar El","https://koncarelektro.rs/prodavnica/akumulatorski-alat/akumulatorska-brusilica-bosch-easysander-18v-8-solo-06033e3000/","https://koncarelektro.rs/prodavnica/akumulatorski-alat/akumulatorska-brusilica-bosch-easysander-18v-8-solo-06033e3000/","Akumulatorska brusilica Bosch EasySander 18V-8 Solo; (06033E3000)","Akumulatorska brusilica Bosch EasySander 18V-8 Solo; (06033E3000)","BreadcrumbList+Organization+Product+WebSite"
"/prodavnica/elektricni-alat/brusilice/slicerica-iskra-rezac-kanala-u-zidovima-1350w-ie-ru1320-125","/prodavnica/elektricni-alat/brusilice/slicerica-iskra-rezac-kanala-u-zidovima-1350w-ie-ru1320-125","sample_product","200","OK","Slicerica ISKRA rezač kanala u zidovima 1350W IE-RU1320-125 cena | Kupovina online - Končar Elektro ","Slicerica ISKRA rezač kanala u zidovima 1350W IE-RU1320-125 cena | Kupovina online - Končar Elektro ","https://koncarelektro.rs/prodavnica/elektricni-alat/brusilice/slicerica-iskra-rezac-kanala-u-zidovima-1350w-ie-ru1320-125/","https://koncarelektro.rs/prodavnica/elektricni-alat/brusilice/slicerica-iskra-rezac-kanala-u-zidovima-1350w-ie-ru1320-125/","Slicerica ISKRA rezač kanala u zidovima 1350W IE-RU1320-125","Slicerica ISKRA rezač kanala u zidovima 1350W IE-RU1320-125","BreadcrumbList+Organization+Product+WebSite"
"/prodavnica/elektricni-alat/brusilice/usisni-stitnik-gde-125-ea-s-bosch","/prodavnica/elektricni-alat/brusilice/usisni-stitnik-gde-125-ea-s-bosch","sample_product","200","OK","Usisni štitnik GDE 125 EA-S (1600A003DH) BOSCH cena | Kupovina online - Končar Elektro -trgovina ele","Usisni štitnik GDE 125 EA-S (1600A003DH) BOSCH cena | Kupovina online - Končar Elektro -trgovina ele","https://koncarelektro.rs/prodavnica/elektricni-alat/brusilice/usisni-stitnik-gde-125-ea-s-bosch/","https://koncarelektro.rs/prodavnica/elektricni-alat/brusilice/usisni-stitnik-gde-125-ea-s-bosch/","","Usisni štitnik GDE 125 EA-S (1600A003DH) BOSCH","Organization+WebSite"
"/prodavnica/elektricni-alat/stacionarna-potezna-kruzna-testera-gcm-12-sde-0601b23100-bosch","/prodavnica/elektricni-alat/stacionarna-potezna-kruzna-testera-gcm-12-sde-0601b23100-bosch","sample_product","200","OK","GCM 12 SDE Stacionarna kružna testera (0601B23100) Bosch","GCM 12 SDE Stacionarna kružna testera (0601B23100) Bosch","https://koncarelektro.rs/prodavnica/elektricni-alat/stacionarna-potezna-kruzna-testera-gcm-12-sde-0601b23100-bosch/","https://koncarelektro.rs/prodavnica/elektricni-alat/stacionarna-potezna-kruzna-testera-gcm-12-sde-0601b23100-bosch/","Stacionarna potezna kružna testera GCM 12 SDE (0601B23100) Bosch","Stacionarna potezna kružna testera GCM 12 SDE (0601B23100) Bosch","BreadcrumbList+Organization+Product+WebSite"
"/prodavnica/akumulatorski-alat/makita-lanac-za-testere-uc4020a-uc4041a-400mm-191h03-4","/prodavnica/akumulatorski-alat/makita-lanac-za-testere-uc4020a-uc4041a-400mm-191h03-4","sample_product","200","OK","191H03-4 Makita lanac za testere UC4020A, UC4041A 400mm","191H03-4 Makita lanac za testere UC4020A, UC4041A 400mm","https://koncarelektro.rs/prodavnica/akumulatorski-alat/makita-lanac-za-testere-uc4020a-uc4041a-400mm-191h03-4/","https://koncarelektro.rs/prodavnica/akumulatorski-alat/makita-lanac-za-testere-uc4020a-uc4041a-400mm-191h03-4/","Makita lanac za testere UC4020A, UC4041A 400mm (191H03-4)","Makita lanac za testere UC4020A, UC4041A 400mm (191H03-4)","BreadcrumbList+Organization+Product+WebSite"
"/prodavnica/akumulatorski-alat/akumulatorska-led-lampa-reflektor-deadml810-makita","/prodavnica/akumulatorski-alat/akumulatorska-led-lampa-reflektor-deadml810-makita","sample_product","200","OK","DEADML810 Akumulatorska led lampa - reflektor MAKITA","DEADML810 Akumulatorska led lampa - reflektor MAKITA","https://koncarelektro.rs/prodavnica/akumulatorski-alat/akumulatorska-led-lampa-reflektor-deadml810-makita/","https://koncarelektro.rs/prodavnica/akumulatorski-alat/akumulatorska-led-lampa-reflektor-deadml810-makita/","Akumulatorska led lampa &amp;#8211; reflektor DEADML810 MAKITA","Akumulatorska led lampa &#8211; reflektor DEADML810 MAKITA","BreadcrumbList+Organization+Product+WebSite"
"/prodavnica/akumulatorski-alat/laseri/kombinovani-laser-gcl-25-bm-1-professional-0601066b03-bosch","/prodavnica/akumulatorski-alat/laseri/kombinovani-laser-gcl-25-bm-1-professional-0601066b03-bosch","sample_product","200","OK","Kombinovani laser GCL 25 + BM 1 Professional (0601066B03) BOSCH cena | Kupovina online - Končar Elek","Kombinovani laser GCL 25 + BM 1 Professional (0601066B03) BOSCH cena | Kupovina online - Končar Elek","https://koncarelektro.rs/prodavnica/akumulatorski-alat/laseri/kombinovani-laser-gcl-25-bm-1-professional-0601066b03-bosch/","https://koncarelektro.rs/prodavnica/akumulatorski-alat/laseri/kombinovani-laser-gcl-25-bm-1-professional-0601066b03-bosch/","Kombinovani laser GCL 25 + BM 1 Professional (0601066B03) BOSCH","Kombinovani laser GCL 25 + BM 1 Professional (0601066B03) BOSCH","BreadcrumbList+Organization+Product+WebSite"
"/prodavnica/akumulatorski-alat/laseri/kombinovani-laser-sa-zelenim-zrakom-gcl-2-15-g-nosac-rm1-bosch","/prodavnica/akumulatorski-alat/laseri/kombinovani-laser-sa-zelenim-zrakom-gcl-2-15-g-nosac-rm1-bosch","sample_product","200","OK","Kombinovani laser sa zelenim zrakom GCL 2-15 G+ nosač RM1 BOSCH (0601066J00) cena | Kupovina online ","Kombinovani laser sa zelenim zrakom GCL 2-15 G+ nosač RM1 BOSCH (0601066J00) cena | Kupovina online ","https://koncarelektro.rs/prodavnica/akumulatorski-alat/laseri/kombinovani-laser-sa-zelenim-zrakom-gcl-2-15-g-nosac-rm1-bosch/","https://koncarelektro.rs/prodavnica/akumulatorski-alat/laseri/kombinovani-laser-sa-zelenim-zrakom-gcl-2-15-g-nosac-rm1-bosch/","","Kombinovani laser sa zelenim zrakom GCL 2-15 G+ nosač RM1 BOSCH (0601066J00)","Organization+WebSite"
"/prodavnica/akumulatorski-alat/akumulatorski-udarni-zavrtaci/akumulatorski-udarni-odvrtaci-gdr-12v-105-bosch","/prodavnica/akumulatorski-alat/akumulatorski-udarni-zavrtaci/akumulatorski-udarni-odvrtaci-gdr-12v-105-bosch","sample_product","200","OK","Akumulatorski udarni odvrtač GDR 12V-105, 2x2.0Ah (06019A6903) Bosch cena | Kupovina online - Končar","Akumulatorski udarni odvrtač GDR 12V-105, 2x2.0Ah (06019A6903) Bosch cena | Kupovina online - Končar","https://koncarelektro.rs/prodavnica/akumulatorski-alat/akumulatorski-udarni-zavrtaci/akumulatorski-udarni-odvrtaci-gdr-12v-105-bosch/","https://koncarelektro.rs/prodavnica/akumulatorski-alat/akumulatorski-udarni-zavrtaci/akumulatorski-udarni-odvrtaci-gdr-12v-105-bosch/","","Akumulatorski udarni odvrtač GDR 12V-105, 2&#215;2.0Ah (06019A6903) Bosch","Organization+WebSite"
"/prodavnica/akumulatorski-alat/laseri/univerzalni-drzac-lasera-rm-3-rc-2-daljinski-upravljac-bosch","/prodavnica/akumulatorski-alat/laseri/univerzalni-drzac-lasera-rm-3-rc-2-daljinski-upravljac-bosch","sample_product","200","OK","Univerzalni držač lasera RM 3 + RC 2 daljinski upravljač BOSCH (0601092800) cena | Kupovina online -","Univerzalni držač lasera RM 3 + RC 2 daljinski upravljač BOSCH (0601092800) cena | Kupovina online -","https://koncarelektro.rs/prodavnica/akumulatorski-alat/laseri/univerzalni-drzac-lasera-rm-3-rc-2-daljinski-upravljac-bosch/","https://koncarelektro.rs/prodavnica/akumulatorski-alat/laseri/univerzalni-drzac-lasera-rm-3-rc-2-daljinski-upravljac-bosch/","","Univerzalni držač lasera RM 3 + RC 2 daljinski upravljač BOSCH (0601092800)","Organization+WebSite"
"/prodavnica/akumulatorski-alat/akumulatorske-testere-i-cirkulari/akumulatorska-kruzna-testera-cirkular-univesalcirk-12-bosch","/prodavnica/akumulatorski-alat/akumulatorske-testere-i-cirkulari/akumulatorska-kruzna-testera-cirkular-univesalcirk-12-bosch","sample_product","200","OK","Akumulatorska kružna testera-cirkular UnivesalCirk 12 (06033C7002) BOSCH cena | Kupovina online - Ko","Akumulatorska kružna testera-cirkular UnivesalCirk 12 (06033C7002) BOSCH cena | Kupovina online - Ko","https://koncarelektro.rs/prodavnica/akumulatorski-alat/akumulatorske-testere-i-cirkulari/akumulatorska-kruzna-testera-cirkular-univesalcirk-12-bosch/","https://koncarelektro.rs/prodavnica/akumulatorski-alat/akumulatorske-testere-i-cirkulari/akumulatorska-kruzna-testera-cirkular-univesalcirk-12-bosch/","","Akumulatorska kružna testera-cirkular UnivesalCirk 12 (06033C7002) BOSCH","Organization+WebSite"
"/prodavnica/nesortirano/lokator-komunalnih-vodova-seektech-sr-20-ridgid-21943","/prodavnica/nesortirano/lokator-komunalnih-vodova-seektech-sr-20-ridgid-21943","sample_product","200","OK","SR-20 SeekTech Lokator komunalnih vodova 21943 RIDGID","SR-20 SeekTech Lokator komunalnih vodova 21943 RIDGID","https://koncarelektro.rs/prodavnica/nesortirano/lokator-komunalnih-vodova-seektech-sr-20-ridgid-21943/","https://koncarelektro.rs/prodavnica/nesortirano/lokator-komunalnih-vodova-seektech-sr-20-ridgid-21943/","Lokator komunalnih vodova SeekTech SR-20 RIDGID (21943)","Lokator komunalnih vodova SeekTech SR-20 RIDGID (21943)","BreadcrumbList+Organization+Product+WebSite"
"/prodavnica/pumpe-za-vodu/potapajuce-pumpe/potapajuca-pumpa-900w-inox-59g449-graphite","/prodavnica/pumpe-za-vodu/potapajuce-pumpe/potapajuca-pumpa-900w-inox-59g449-graphite","sample_product","200","OK","Potapajuća pumpa 900W Inox 59G449 Graphite cena | Kupovina online - Končar Elektro -trgovina elektri","Potapajuća pumpa 900W Inox 59G449 Graphite cena | Kupovina online - Končar Elektro -trgovina elektri","https://koncarelektro.rs/prodavnica/pumpe-za-vodu/potapajuce-pumpe/potapajuca-pumpa-900w-inox-59g449-graphite/","https://koncarelektro.rs/prodavnica/pumpe-za-vodu/potapajuce-pumpe/potapajuca-pumpa-900w-inox-59g449-graphite/","Potapajuća pumpa 900W Inox 59G449 Graphite","Potapajuća pumpa 900W Inox 59G449 Graphite","BreadcrumbList+Organization+Product+WebSite"
"/prodavnica/ponuda/akumulatorska-ugaona-brusilica-w-18-9-125-602247850-metabo","/prodavnica/ponuda/akumulatorska-ugaona-brusilica-w-18-9-125-602247850-metabo","sample_product","200","OK","W 18 9-125 Akumulatorska ugaona brusilica (602247850) Metabo","W 18 9-125 Akumulatorska ugaona brusilica (602247850) Metabo","https://koncarelektro.rs/prodavnica/ponuda/akumulatorska-ugaona-brusilica-w-18-9-125-602247850-metabo/","https://koncarelektro.rs/prodavnica/ponuda/akumulatorska-ugaona-brusilica-w-18-9-125-602247850-metabo/","Akumulatorska ugaona brusilica W 18 9-125 (602247850) Metabo","Akumulatorska ugaona brusilica W 18 9-125 (602247850) Metabo","BreadcrumbList+Organization+Product+WebSite"
"/prodavnica/aparati-za-varenje/hugong-mig-stick-300-lcd-inveretr-aparat-za-varenje","/prodavnica/aparati-za-varenje/hugong-mig-stick-300-lcd-inveretr-aparat-za-varenje","sample_product","200","OK","MIG STICK 300 LCD HUGONG inverter aparat za varenje","MIG STICK 300 LCD HUGONG inverter aparat za varenje","https://koncarelektro.rs/prodavnica/aparati-za-varenje/hugong-mig-stick-300-lcd-inveretr-aparat-za-varenje/","https://koncarelektro.rs/prodavnica/aparati-za-varenje/hugong-mig-stick-300-lcd-inveretr-aparat-za-varenje/","","HUGONG MIG/STICK 300 LCD inverter aparat za varenje","Organization+WebSite"
"/prodavnica/akumulatorski-alat/akumulatorska-ubodna-testera-gst-183-li-b-solo-06015b7020-bosch","/prodavnica/akumulatorski-alat/akumulatorska-ubodna-testera-gst-183-li-b-solo-06015b7020-bosch","sample_product","200","OK","Akumulatorska ubodna testera Bosch GST 183-Li B Solo","Akumulatorska ubodna testera Bosch GST 183-Li B Solo","https://koncarelektro.rs/prodavnica/akumulatorski-alat/akumulatorska-ubodna-testera-gst-183-li-b-solo-06015b7020-bosch/","https://koncarelektro.rs/prodavnica/akumulatorski-alat/akumulatorska-ubodna-testera-gst-183-li-b-solo-06015b7020-bosch/","Akumulatorska ubodna testera GST 183-Li B Solo (06015B7020) Bosch","Akumulatorska ubodna testera GST 183-Li B Solo (06015B7020) Bosch","BreadcrumbList+Organization+Product+WebSite"
"/prodavnica/rucni-alat-i-pribor/rucni-alat/metar-celicna-merna-traka-hsmt8805-1-5m-x-25mm-ingco","/prodavnica/rucni-alat-i-pribor/rucni-alat/metar-celicna-merna-traka-hsmt8805-1-5m-x-25mm-ingco","sample_product","200","OK","HSMT8805.1 Ingco Metar 5m x 25mm (čelična merna traka)","HSMT8805.1 Ingco Metar 5m x 25mm (čelična merna traka)","https://koncarelektro.rs/prodavnica/rucni-alat-i-pribor/rucni-alat/metar-celicna-merna-traka-hsmt8805-1-5m-x-25mm-ingco/","https://koncarelektro.rs/prodavnica/rucni-alat-i-pribor/rucni-alat/metar-celicna-merna-traka-hsmt8805-1-5m-x-25mm-ingco/","Metar (čelična merna traka) HSMT8805.1 5m x 25mm Ingco","Metar (čelična merna traka) HSMT8805.1 5m x 25mm Ingco","BreadcrumbList+Organization+Product+WebSite"
"/prodavnica/akumulatorski-alat/daljinomeri/laserski-daljinomer-ld030p","/prodavnica/akumulatorski-alat/daljinomeri/laserski-daljinomer-ld030p","sample_product","200","OK","Laserski daljinomer LD030P MAKITA cena | Kupovina online - Končar Elektro -trgovina električnog, ruč","Laserski daljinomer LD030P MAKITA cena | Kupovina online - Končar Elektro -trgovina električnog, ruč","https://koncarelektro.rs/prodavnica/akumulatorski-alat/daljinomeri/laserski-daljinomer-ld030p/","https://koncarelektro.rs/prodavnica/akumulatorski-alat/daljinomeri/laserski-daljinomer-ld030p/","","Laserski daljinomer LD030P MAKITA","Organization+WebSite"
"/prodavnica/rucni-alat-i-pribor/rucni-alat/ingco-set-odvijaca-sa-kljucem-t-rucka-24-1-hksdb0188","/prodavnica/rucni-alat-i-pribor/rucni-alat/ingco-set-odvijaca-sa-kljucem-t-rucka-24-1-hksdb0188","sample_product","200","OK","Ingco set odvijača sa ključem T ručka 24/1 HKSDB0188 cena | Kupovina online - Končar Elektro -trgovi","Ingco set odvijača sa ključem T ručka 24/1 HKSDB0188 cena | Kupovina online - Končar Elektro -trgovi","https://koncarelektro.rs/prodavnica/rucni-alat-i-pribor/rucni-alat/ingco-set-odvijaca-sa-kljucem-t-rucka-24-1-hksdb0188/","https://koncarelektro.rs/prodavnica/rucni-alat-i-pribor/rucni-alat/ingco-set-odvijaca-sa-kljucem-t-rucka-24-1-hksdb0188/","Ingco set odvijača sa ključem T ručka 24/1 HKSDB0188","Ingco set odvijača sa ključem T ručka 24/1 HKSDB0188","BreadcrumbList+Organization+Product+WebSite"
"/prodavnica/pribor/set-1050-delni-opruzni-celik-blank-din-471-0956438-reca","/prodavnica/pribor/set-1050-delni-opruzni-celik-blank-din-471-0956438-reca","sample_product","200","OK","DIN 471 (0956438) Set 1050-delni opružni čelik, blank Reca","DIN 471 (0956438) Set 1050-delni opružni čelik, blank Reca","https://koncarelektro.rs/prodavnica/pribor/set-1050-delni-opruzni-celik-blank-din-471-0956438-reca/","https://koncarelektro.rs/prodavnica/pribor/set-1050-delni-opruzni-celik-blank-din-471-0956438-reca/","Set 1050-delni opružni čelik, blank DIN 471 (0956438) Reca","Set 1050-delni opružni čelik, blank DIN 471 (0956438) Reca","BreadcrumbList+Organization+Product+WebSite"
"/prodavnica/akumulatorski-alat/daljinomeri/ingco-libela-magnet-80cm-hsl38080m","/prodavnica/akumulatorski-alat/daljinomeri/ingco-libela-magnet-80cm-hsl38080m","sample_product","200","OK","Ingco libela magnet 80cm HSL38080M cena | Kupovina online - Končar Elektro -trgovina električnog, ru","Ingco libela magnet 80cm HSL38080M cena | Kupovina online - Končar Elektro -trgovina električnog, ru","https://koncarelektro.rs/prodavnica/akumulatorski-alat/daljinomeri/ingco-libela-magnet-80cm-hsl38080m/","https://koncarelektro.rs/prodavnica/akumulatorski-alat/daljinomeri/ingco-libela-magnet-80cm-hsl38080m/","Ingco libela magnet 80cm HSL38080M","Ingco libela magnet 80cm HSL38080M","BreadcrumbList+Organization+Product+WebSite"
"/prodavnica/akumulatorski-alat/akumulatorska-ugaona-brusilica-20v-brushless-bc-64005-dolomite","/prodavnica/akumulatorski-alat/akumulatorska-ugaona-brusilica-20v-brushless-bc-64005-dolomite","sample_product","200","OK","Dolomite Akumulatorska ugaona brusilica 20V Brushless BC 64005","Dolomite Akumulatorska ugaona brusilica 20V Brushless BC 64005","https://koncarelektro.rs/prodavnica/akumulatorski-alat/akumulatorska-ugaona-brusilica-20v-brushless-bc-64005-dolomite/","https://koncarelektro.rs/prodavnica/akumulatorski-alat/akumulatorska-ugaona-brusilica-20v-brushless-bc-64005-dolomite/","Akumulatorska ugaona brusilica 20V Brushless BC (64005) Dolomite","Akumulatorska ugaona brusilica 20V Brushless BC (64005) Dolomite","BreadcrumbList+Organization+Product+WebSite"
"/prodavnica/ponuda/rezna-ploca-za-metal-mcd101251-125mm-ingco","/prodavnica/ponuda/rezna-ploca-za-metal-mcd101251-125mm-ingco","sample_product","200","OK","MCD101251 Rezna ploča za metal 125mm INGCO","MCD101251 Rezna ploča za metal 125mm INGCO","https://koncarelektro.rs/prodavnica/ponuda/rezna-ploca-za-metal-mcd101251-125mm-ingco/","https://koncarelektro.rs/prodavnica/ponuda/rezna-ploca-za-metal-mcd101251-125mm-ingco/","Rezna ploča za metal MCD101251 125mm INGCO","Rezna ploča za metal MCD101251 125mm INGCO","BreadcrumbList+Organization+Product+WebSite"
"/prodavnica/agregati/bormann-benzinski-agregat-generator-bgb8000","/prodavnica/agregati/bormann-benzinski-agregat-generator-bgb8000","sample_product","200","OK","Bormann benzinski agregat (generator) BGB8000 cena | Kupovina online - Končar Elektro -trgovina elek","Bormann benzinski agregat (generator) BGB8000 cena | Kupovina online - Končar Elektro -trgovina elek","https://koncarelektro.rs/prodavnica/agregati/bormann-benzinski-agregat-generator-bgb8000/","https://koncarelektro.rs/prodavnica/agregati/bormann-benzinski-agregat-generator-bgb8000/","Bormann benzinski agregat (generator) BGB8000","Bormann benzinski agregat (generator) BGB8000","BreadcrumbList+Organization+Product+WebSite"
"/prodavnica/pistolj-za-farbanje/ingco-pistolj-za-farbanje-asg3102","/prodavnica/pistolj-za-farbanje/ingco-pistolj-za-farbanje-asg3102","sample_product","200","OK","Ingco pištolj za farbanje ASG3102 cena | Kupovina online - Končar Elektro -trgovina električnog, ruč","Ingco pištolj za farbanje ASG3102 cena | Kupovina online - Končar Elektro -trgovina električnog, ruč","https://koncarelektro.rs/prodavnica/pistolj-za-farbanje/ingco-pistolj-za-farbanje-asg3102/","https://koncarelektro.rs/prodavnica/pistolj-za-farbanje/ingco-pistolj-za-farbanje-asg3102/","Ingco pištolj za farbanje ASG3102","Ingco pištolj za farbanje ASG3102","BreadcrumbList+Organization+Product+WebSite"
"/prodavnica/poljoprivredni-alati-i-oprema/prskalica-pod-pritiskom-mt-218-10l-30905-adk","/prodavnica/poljoprivredni-alati-i-oprema/prskalica-pod-pritiskom-mt-218-10l-30905-adk","sample_product","200","OK","MT-218 Prskalica pod pritiskom 10l (30905) ADK","MT-218 Prskalica pod pritiskom 10l (30905) ADK","https://koncarelektro.rs/prodavnica/poljoprivredni-alati-i-oprema/prskalica-pod-pritiskom-mt-218-10l-30905-adk/","https://koncarelektro.rs/prodavnica/poljoprivredni-alati-i-oprema/prskalica-pod-pritiskom-mt-218-10l-30905-adk/","Prskalica pod pritiskom MT-218 10l (30905) ADK","Prskalica pod pritiskom MT-218 10l (30905) ADK","BreadcrumbList+Organization+Product+WebSite"
"/prodavnica/akumulatorski-alat/akumulatorske-busilice-odvijaci/metabo-akumulatorski-udarni-odvrtac-ssw-18-ltx-300-bl-18v","/prodavnica/akumulatorski-alat/akumulatorske-busilice-odvijaci/metabo-akumulatorski-udarni-odvrtac-ssw-18-ltx-300-bl-18v","sample_product","200","OK","Metabo akumulatorski udarni odvrtač SSW 18 LTX 300 BL 18V (602395800) cena | Kupovina online - Konča","Metabo akumulatorski udarni odvrtač SSW 18 LTX 300 BL 18V (602395800) cena | Kupovina online - Konča","https://koncarelektro.rs/prodavnica/akumulatorski-alat/akumulatorske-busilice-odvijaci/metabo-akumulatorski-udarni-odvrtac-ssw-18-ltx-300-bl-18v/","https://koncarelektro.rs/prodavnica/akumulatorski-alat/akumulatorske-busilice-odvijaci/metabo-akumulatorski-udarni-odvrtac-ssw-18-ltx-300-bl-18v/","","Metabo akumulatorski udarni odvrtač SSW 18 LTX 300 BL 18V (602395800)","Organization+WebSite"
"/prodavnica/akumulatorski-alat/akumulatorska-baterija-18v-4-ah-625027000-metabo","/prodavnica/akumulatorski-alat/akumulatorska-baterija-18v-4-ah-625027000-metabo","sample_product","200","OK","Metabo Akumulatorska baterija 4 Ah 18V (625027000)","Metabo Akumulatorska baterija 4 Ah 18V (625027000)","https://koncarelektro.rs/prodavnica/akumulatorski-alat/akumulatorska-baterija-18v-4-ah-625027000-metabo/","https://koncarelektro.rs/prodavnica/akumulatorski-alat/akumulatorska-baterija-18v-4-ah-625027000-metabo/","Akumulatorska baterija 18V 4 Ah (625027000) Metabo","Akumulatorska baterija 18V 4 Ah (625027000) Metabo","BreadcrumbList+Organization+Product+WebSite"
"/prodavnica/elektricni-alat/cekic-busilice-i-stemarice/elektro-pneumatski-kombinovani-cekic-sds-khe-2860-quick-metabo","/prodavnica/elektricni-alat/cekic-busilice-i-stemarice/elektro-pneumatski-kombinovani-cekic-sds-khe-2860-quick-metabo","sample_product","200","OK","Kombinovani čekić SDS+ KHE 2860 Quick Metabo (600878510) cena | Kupovina online - Končar Elektro -tr","Kombinovani čekić SDS+ KHE 2860 Quick Metabo (600878510) cena | Kupovina online - Končar Elektro -tr","https://koncarelektro.rs/prodavnica/elektricni-alat/cekic-busilice-i-stemarice/elektro-pneumatski-kombinovani-cekic-sds-khe-2860-quick-metabo/","https://koncarelektro.rs/prodavnica/elektricni-alat/cekic-busilice-i-stemarice/elektro-pneumatski-kombinovani-cekic-sds-khe-2860-quick-metabo/","","Kombinovani čekić SDS+ KHE 2860 Quick Metabo (600878510)","Organization+WebSite"
"/prodavnica/elektricni-alat/elektricna-ceona-brusilica-g-400-380w-601052000-metabo","/prodavnica/elektricni-alat/elektricna-ceona-brusilica-g-400-380w-601052000-metabo","sample_product","200","OK","G 400 Električna čeona brusilica 380W (601052000) Metabo","G 400 Električna čeona brusilica 380W (601052000) Metabo","https://koncarelektro.rs/prodavnica/elektricni-alat/elektricna-ceona-brusilica-g-400-380w-601052000-metabo/","https://koncarelektro.rs/prodavnica/elektricni-alat/elektricna-ceona-brusilica-g-400-380w-601052000-metabo/","Električna čeona brusilica G 400 380W (601052000) Metabo","Električna čeona brusilica G 400 380W (601052000) Metabo","BreadcrumbList+Organization+Product+WebSite"
"/prodavnica/elektricni-alat/usisivaci/usisivac-za-suvo-i-mokro-usisavanje-metabo-asa-30-l-pc-inox","/prodavnica/elektricni-alat/usisivaci/usisivac-za-suvo-i-mokro-usisavanje-metabo-asa-30-l-pc-inox","sample_product","200","OK","Usisivač za suvo i mokro usisavanje ASA 30 L PC Inox (602015000) Metabo cena | Kupovina online - Kon","Usisivač za suvo i mokro usisavanje ASA 30 L PC Inox (602015000) Metabo cena | Kupovina online - Kon","https://koncarelektro.rs/prodavnica/elektricni-alat/usisivaci/usisivac-za-suvo-i-mokro-usisavanje-metabo-asa-30-l-pc-inox/","https://koncarelektro.rs/prodavnica/elektricni-alat/usisivaci/usisivac-za-suvo-i-mokro-usisavanje-metabo-asa-30-l-pc-inox/","","Usisivač za suvo i mokro usisavanje ASA 30 L PC Inox (602015000) Metabo","Organization+WebSite"
"/prodavnica/elektricni-alat/multifunkcioni-ostrac-wbg1551-65w-wadfow","/prodavnica/elektricni-alat/multifunkcioni-ostrac-wbg1551-65w-wadfow","sample_product","200","OK","WADFOW Multifunkcioni oštrač WBG1551 65W","WADFOW Multifunkcioni oštrač WBG1551 65W","https://koncarelektro.rs/prodavnica/elektricni-alat/multifunkcioni-ostrac-wbg1551-65w-wadfow/","https://koncarelektro.rs/prodavnica/elektricni-alat/multifunkcioni-ostrac-wbg1551-65w-wadfow/","Multifunkcioni oštrač WBG1551 65W WADFOW","Multifunkcioni oštrač WBG1551 65W WADFOW","BreadcrumbList+Organization+Product+WebSite"
"/prodavnica/pumpe-za-vodu/elekticne-pumpe/bastenska-pumpa-p-2000-g-metabo","/prodavnica/pumpe-za-vodu/elekticne-pumpe/bastenska-pumpa-p-2000-g-metabo","sample_product","200","OK","P 2000 G Baštenska pumpa za vodu (600962000) Metabo","P 2000 G Baštenska pumpa za vodu (600962000) Metabo","https://koncarelektro.rs/prodavnica/pumpe-za-vodu/elekticne-pumpe/bastenska-pumpa-p-2000-g-metabo/","https://koncarelektro.rs/prodavnica/pumpe-za-vodu/elekticne-pumpe/bastenska-pumpa-p-2000-g-metabo/","","Baštenska pumpa za vodu P 2000 G Metabo (600962000)","Organization+WebSite"
"/prodavnica/ponuda/super-ingco-49-delni-set-udarnih-odvijaca-akdl24906","/prodavnica/ponuda/super-ingco-49-delni-set-udarnih-odvijaca-akdl24906","sample_product","200","OK","AKDL24906 49-delni set udarnih odvijača SUPER INGCO","AKDL24906 49-delni set udarnih odvijača SUPER INGCO","https://koncarelektro.rs/prodavnica/ponuda/super-ingco-49-delni-set-udarnih-odvijaca-akdl24906/","https://koncarelektro.rs/prodavnica/ponuda/super-ingco-49-delni-set-udarnih-odvijaca-akdl24906/","SUPER INGCO 49-delni set udarnih odvijača AKDL24906","SUPER INGCO 49-delni set udarnih odvijača AKDL24906","BreadcrumbList+Organization+Product+WebSite"
"/prodavnica/akumulatorski-alat/akumulatorska-cekic-busilica-chx-502x-sds-18v-milwaukee","/prodavnica/akumulatorski-alat/akumulatorska-cekic-busilica-chx-502x-sds-18v-milwaukee","sample_product","200","OK","Milwaukee CHX-502X Akumulatorska čekić - bušilica SDS+ 18V","Milwaukee CHX-502X Akumulatorska čekić - bušilica SDS+ 18V","https://koncarelektro.rs/prodavnica/akumulatorski-alat/akumulatorska-cekic-busilica-chx-502x-sds-18v-milwaukee/","https://koncarelektro.rs/prodavnica/akumulatorski-alat/akumulatorska-cekic-busilica-chx-502x-sds-18v-milwaukee/","","Akumulatorska čekić &#8211; bušilica CHX-502X SDS+18V Milwaukee 4933451381","Organization+WebSite"
"/prodavnica/akumulatorski-alat/akumulatorska-busilica-odvrtac-gsr-185-li-06019k3003-bosch","/prodavnica/akumulatorski-alat/akumulatorska-busilica-odvrtac-gsr-185-li-06019k3003-bosch","sample_product","200","OK","GSR 185-LI Akumulatorska bušilica-odvrtač (06019K3003) BOSCH","GSR 185-LI Akumulatorska bušilica-odvrtač (06019K3003) BOSCH","https://koncarelektro.rs/prodavnica/akumulatorski-alat/akumulatorska-busilica-odvrtac-gsr-185-li-06019k3003-bosch/","https://koncarelektro.rs/prodavnica/akumulatorski-alat/akumulatorska-busilica-odvrtac-gsr-185-li-06019k3003-bosch/","Akumulatorska bušilica-odvrtač GSR 185-LI (06019K3003) BOSCH","Akumulatorska bušilica-odvrtač GSR 185-LI (06019K3003) BOSCH","BreadcrumbList+Organization+Product+WebSite"
"/prodavnica/elektricni-alat/ugaona-brusilica-gws-750-s-professional-125-bosch","/prodavnica/elektricni-alat/ugaona-brusilica-gws-750-s-professional-125-bosch","sample_product","200","OK","Ugaona brusilica GWS 750 S Professional 125 BOSCH (0601394121) cena | Kupovina online - Končar Elekt","Ugaona brusilica GWS 750 S Professional 125 BOSCH (0601394121) cena | Kupovina online - Končar Elekt","https://koncarelektro.rs/prodavnica/elektricni-alat/ugaona-brusilica-gws-750-s-professional-125-bosch/","https://koncarelektro.rs/prodavnica/elektricni-alat/ugaona-brusilica-gws-750-s-professional-125-bosch/","","Ugaona brusilica GWS 750 S Professional 125 BOSCH (0601394121)","Organization+WebSite"
"/prodavnica/elektricni-alat/professional-sa-l-boxx-gst-150-bce-bosch","/prodavnica/elektricni-alat/professional-sa-l-boxx-gst-150-bce-bosch","sample_product","200","OK","Professional sa L-Boxx GST 150 BCE (0601513003) BOSCH cena | Kupovina online - Končar Elektro -trgov","Professional sa L-Boxx GST 150 BCE (0601513003) BOSCH cena | Kupovina online - Končar Elektro -trgov","https://koncarelektro.rs/prodavnica/elektricni-alat/professional-sa-l-boxx-gst-150-bce-bosch/","https://koncarelektro.rs/prodavnica/elektricni-alat/professional-sa-l-boxx-gst-150-bce-bosch/","","Professional sa L-Boxx GST 150 BCE (0601513003) BOSCH","Organization+WebSite"
"/prodavnica/htz-oprema/ostalo/merni-tocak-wmw1545-wadfow","/prodavnica/htz-oprema/ostalo/merni-tocak-wmw1545-wadfow","sample_product","200","OK","WADFOW Merni točak WMW1545","WADFOW Merni točak WMW1545","https://koncarelektro.rs/prodavnica/htz-oprema/ostalo/merni-tocak-wmw1545-wadfow/","https://koncarelektro.rs/prodavnica/htz-oprema/ostalo/merni-tocak-wmw1545-wadfow/","Merni točak WMW1545 WADFOW","Merni točak WMW1545 WADFOW","BreadcrumbList+Organization+Product+WebSite"
"/prodavnica/akumulatorski-alat/ostali-akomulatorski-alat/1818v-aku-duvalica-dub362z","/prodavnica/akumulatorski-alat/ostali-akomulatorski-alat/1818v-aku-duvalica-dub362z","sample_product","200","OK","Akumulatorska duvalica DUB362Z 18+18V MAKITA cena | Kupovina online - Končar Elektro -trgovina elekt","Akumulatorska duvalica DUB362Z 18+18V MAKITA cena | Kupovina online - Končar Elektro -trgovina elekt","https://koncarelektro.rs/prodavnica/akumulatorski-alat/ostali-akomulatorski-alat/1818v-aku-duvalica-dub362z/","https://koncarelektro.rs/prodavnica/akumulatorski-alat/ostali-akomulatorski-alat/1818v-aku-duvalica-dub362z/","","Akumulatorska duvalica DUB362Z 18+18V MAKITA","Organization+WebSite"
"/prodavnica/akumulatorski-alat/akumulatorska-busilica-odvrtac-ds18da-wcz-hds18da-wcz-18v-2x2ah-hikoki","/prodavnica/akumulatorski-alat/akumulatorska-busilica-odvrtac-ds18da-wcz-hds18da-wcz-18v-2x2ah-hikoki","sample_product","200","OK","DS18DA-WCZ Akumulatorska bušilica-odvrtač 18V 2x2Ah HIKOKI","DS18DA-WCZ Akumulatorska bušilica-odvrtač 18V 2x2Ah HIKOKI","https://koncarelektro.rs/prodavnica/akumulatorski-alat/akumulatorska-busilica-odvrtac-ds18da-wcz-hds18da-wcz-18v-2x2ah-hikoki/","https://koncarelektro.rs/prodavnica/akumulatorski-alat/akumulatorska-busilica-odvrtac-ds18da-wcz-hds18da-wcz-18v-2x2ah-hikoki/","Akumulatorska bušilica-odvrtač DS18DA-WCZ (hDS18DA-WCZ) 18V 2x2Ah HIKOKI","Akumulatorska bušilica-odvrtač DS18DA-WCZ (hDS18DA-WCZ) 18V 2x2Ah HIKOKI","BreadcrumbList+Organization+Product+WebSite"
"/prodavnica/aparati-za-varenje/inverterski-aparati/aparat-za-zavarivanje-varstroj-vartig-221-ac-dc-w","/prodavnica/aparati-za-varenje/inverterski-aparati/aparat-za-zavarivanje-varstroj-vartig-221-ac-dc-w","sample_product","200","OK","Aparat za zavarivanje VARSTROJ Vartig 221 AC/DC W cena | Kupovina online - Končar Elektro -trgovina ","Aparat za zavarivanje VARSTROJ Vartig 221 AC/DC W cena | Kupovina online - Končar Elektro -trgovina ","https://koncarelektro.rs/prodavnica/aparati-za-varenje/inverterski-aparati/aparat-za-zavarivanje-varstroj-vartig-221-ac-dc-w/","https://koncarelektro.rs/prodavnica/aparati-za-varenje/inverterski-aparati/aparat-za-zavarivanje-varstroj-vartig-221-ac-dc-w/","Aparat za zavarivanje VARSTROJ Vartig 221 AC/DC W","Aparat za zavarivanje VARSTROJ Vartig 221 AC/DC W","BreadcrumbList+Organization+Product+WebSite"
"/prodavnica/ponuda/potapajuca-pumpa-za-navodnjavanje-nakayama-np-1180","/prodavnica/ponuda/potapajuca-pumpa-za-navodnjavanje-nakayama-np-1180","sample_product","200","OK","Potapajuca pumpa za navodnjavanje NAKAYAMA NP 1180 cena | Kupovina online - Končar Elektro -trgovina","Potapajuca pumpa za navodnjavanje NAKAYAMA NP 1180 cena | Kupovina online - Končar Elektro -trgovina","https://koncarelektro.rs/prodavnica/ponuda/potapajuca-pumpa-za-navodnjavanje-nakayama-np-1180/","https://koncarelektro.rs/prodavnica/ponuda/potapajuca-pumpa-za-navodnjavanje-nakayama-np-1180/","Potapajuca pumpa za navodnjavanje NAKAYAMA NP 1180","Potapajuca pumpa za navodnjavanje NAKAYAMA NP 1180","BreadcrumbList+Organization+Product+WebSite"
"/prodavnica/poljoprivredni-alati-i-oprema/benzinska-seckalica-drobilica-za-grane-wxu1315-459cc-wadfow","/prodavnica/poljoprivredni-alati-i-oprema/benzinska-seckalica-drobilica-za-grane-wxu1315-459cc-wadfow","sample_product","200","OK","WADFOW WXU1315 Benzinska drobilica za grane do 100 mm","WADFOW WXU1315 Benzinska drobilica za grane do 100 mm","https://koncarelektro.rs/prodavnica/poljoprivredni-alati-i-oprema/benzinska-seckalica-drobilica-za-grane-wxu1315-459cc-wadfow/","https://koncarelektro.rs/prodavnica/poljoprivredni-alati-i-oprema/benzinska-seckalica-drobilica-za-grane-wxu1315-459cc-wadfow/","Benzinska seckalica Drobilica za grane WXU1315 459cc WADFOW","Benzinska seckalica Drobilica za grane WXU1315 459cc WADFOW","BreadcrumbList+Organization+Product+WebSite"
"/prodavnica/ponuda/ingco-10-delni-set-1-2-dugackih-udarnih-nasadnih-kljuceva-hkissd12102l","/prodavnica/ponuda/ingco-10-delni-set-1-2-dugackih-udarnih-nasadnih-kljuceva-hkissd12102l","sample_product","200","OK","INGCO 10-delni set 1/2&quot; dugackih udarnih nasadnih kljuceva HKISSD12102L cena | Kupovina online ","INGCO 10-delni set 1/2&amp;quot; dugackih udarnih nasadnih kljuceva HKISSD12102L cena | Kupovina onl","https://koncarelektro.rs/prodavnica/ponuda/ingco-10-delni-set-1-2-dugackih-udarnih-nasadnih-kljuceva-hkissd12102l/","https://koncarelektro.rs/prodavnica/ponuda/ingco-10-delni-set-1-2-dugackih-udarnih-nasadnih-kljuceva-hkissd12102l/","INGCO 10-delni set 1/2&amp;#8243; dugackih udarnih nasadnih kljuceva HKISSD12102","INGCO 10-delni set 1/2&#8243; dugackih udarnih nasadnih kljuceva HKISSD12102L","BreadcrumbList+Organization+Product+WebSite"
"/prodavnica/elektricni-alat/cepac-za-drva-compact-15t-scheppach","/prodavnica/elektricni-alat/cepac-za-drva-compact-15t-scheppach","sample_product","200","OK","15t Cepač za drva COMPACT Scheppach","15t Cepač za drva COMPACT Scheppach","https://koncarelektro.rs/prodavnica/elektricni-alat/cepac-za-drva-compact-15t-scheppach/","https://koncarelektro.rs/prodavnica/elektricni-alat/cepac-za-drva-compact-15t-scheppach/","Cepač za drva COMPACT 15t Scheppach","Cepač za drva COMPACT 15t Scheppach","BreadcrumbList+Organization+Product+WebSite"
"/prodavnica/ponuda/libela-hsl08040-spirit-40cm-super-ingco","/prodavnica/ponuda/libela-hsl08040-spirit-40cm-super-ingco","sample_product","200","OK","SUPER INGCO Libela HSL08040 Spirit 40cm","SUPER INGCO Libela HSL08040 Spirit 40cm","https://koncarelektro.rs/prodavnica/ponuda/libela-hsl08040-spirit-40cm-super-ingco/","https://koncarelektro.rs/prodavnica/ponuda/libela-hsl08040-spirit-40cm-super-ingco/","Libela HSL08040 Spirit 40cm SUPER INGCO","Libela HSL08040 Spirit 40cm SUPER INGCO","BreadcrumbList+Organization+Product+WebSite"
"/prodavnica/ponuda/set-odvijaca-slph-duzi-hksd0248-ingco","/prodavnica/ponuda/set-odvijaca-slph-duzi-hksd0248-ingco","sample_product","200","OK","INGCO Set odvijača HKSD0248 SL+PH duži","INGCO Set odvijača HKSD0248 SL+PH duži","https://koncarelektro.rs/prodavnica/ponuda/set-odvijaca-slph-duzi-hksd0248-ingco/","https://koncarelektro.rs/prodavnica/ponuda/set-odvijaca-slph-duzi-hksd0248-ingco/","Set odvijača SL+PH duži HKSD0248 INGCO","Set odvijača SL+PH duži HKSD0248 INGCO","BreadcrumbList+Organization+Product+WebSite"
"/prodavnica/ponuda/stezna-glava-sa-adapterom-kc1301-1-13mm-ingco","/prodavnica/ponuda/stezna-glava-sa-adapterom-kc1301-1-13mm-ingco","sample_product","200","OK","INGCO Stezna glava sa adapterom KC1301.1 13mm","INGCO Stezna glava sa adapterom KC1301.1 13mm","https://koncarelektro.rs/prodavnica/ponuda/stezna-glava-sa-adapterom-kc1301-1-13mm-ingco/","https://koncarelektro.rs/prodavnica/ponuda/stezna-glava-sa-adapterom-kc1301-1-13mm-ingco/","Stezna glava sa adapterom KC1301.1 13mm INGCO","Stezna glava sa adapterom KC1301.1 13mm INGCO","BreadcrumbList+Organization+Product+WebSite"
"/prodavnica/rucni-alat-i-pribor/rucni-alat/ingco-kombinovana-klesta-ojacana-200mm-industrial-hhcp28200","/prodavnica/rucni-alat-i-pribor/rucni-alat/ingco-kombinovana-klesta-ojacana-200mm-industrial-hhcp28200","sample_product","200","OK","HHCP28200 kombinovana klešta ojačana 200mm Industrial Ingco","HHCP28200 kombinovana klešta ojačana 200mm Industrial Ingco","https://koncarelektro.rs/prodavnica/rucni-alat-i-pribor/rucni-alat/ingco-kombinovana-klesta-ojacana-200mm-industrial-hhcp28200/","https://koncarelektro.rs/prodavnica/rucni-alat-i-pribor/rucni-alat/ingco-kombinovana-klesta-ojacana-200mm-industrial-hhcp28200/","Ingco kombinovana klešta ojačana 200mm Industrial HHCP28200","Ingco kombinovana klešta ojačana 200mm Industrial HHCP28200","BreadcrumbList+Organization+Product+WebSite"
"/prodavnica/ponuda/ingco-pistolj-za-duvanje-guma-atg0601","/prodavnica/ponuda/ingco-pistolj-za-duvanje-guma-atg0601","sample_product","200","OK","INGCO Pistolj za vazduh sa manometrom ATG0601 cena | Kupovina online - Končar Elektro -trgovina elek","INGCO Pistolj za vazduh sa manometrom ATG0601 cena | Kupovina online - Končar Elektro -trgovina elek","https://koncarelektro.rs/prodavnica/ponuda/ingco-pistolj-za-duvanje-guma-atg0601/","https://koncarelektro.rs/prodavnica/ponuda/ingco-pistolj-za-duvanje-guma-atg0601/","","INGCO Pistolj za vazduh sa manometrom ATG0601","Organization+WebSite"
"/prodavnica/ponuda/ingco-set-odvijaca-10-1-hksd1028","/prodavnica/ponuda/ingco-set-odvijaca-10-1-hksd1028","sample_product","200","OK","Ingco set odvijača 10/1 HKSD1028 cena | Kupovina online - Končar Elektro -trgovina električnog, ručn","Ingco set odvijača 10/1 HKSD1028 cena | Kupovina online - Končar Elektro -trgovina električnog, ručn","https://koncarelektro.rs/prodavnica/ponuda/ingco-set-odvijaca-10-1-hksd1028/","https://koncarelektro.rs/prodavnica/ponuda/ingco-set-odvijaca-10-1-hksd1028/","Ingco set odvijača 10/1 HKSD1028","Ingco set odvijača 10/1 HKSD1028","BreadcrumbList+Organization+Product+WebSite"
"/prodavnica/rucni-alat-i-pribor/rucni-alat/ingco-kablovi-za-startovanje-hbtcp6008","/prodavnica/rucni-alat-i-pribor/rucni-alat/ingco-kablovi-za-startovanje-hbtcp6008","sample_product","200","OK","INGCO Kablovi za startovanje HBTCP6008 cena | Kupovina online - Končar Elektro -trgovina električnog","INGCO Kablovi za startovanje HBTCP6008 cena | Kupovina online - Končar Elektro -trgovina električnog","https://koncarelektro.rs/prodavnica/rucni-alat-i-pribor/rucni-alat/ingco-kablovi-za-startovanje-hbtcp6008/","https://koncarelektro.rs/prodavnica/rucni-alat-i-pribor/rucni-alat/ingco-kablovi-za-startovanje-hbtcp6008/","INGCO Kablovi za startovanje HBTCP6008","INGCO Kablovi za startovanje HBTCP6008","BreadcrumbList+Organization+Product+WebSite"
"/prodavnica/ponuda/elekrticna-stona-testera-ss852-85w-super-ingco","/prodavnica/ponuda/elekrticna-stona-testera-ss852-85w-super-ingco","sample_product","200","OK","SS852 Elekrtična stona testera 85W SUPER INGCO","SS852 Elekrtična stona testera 85W SUPER INGCO","https://koncarelektro.rs/prodavnica/ponuda/elekrticna-stona-testera-ss852-85w-super-ingco/","https://koncarelektro.rs/prodavnica/ponuda/elekrticna-stona-testera-ss852-85w-super-ingco/","Elekrtična stona testera SS852 85W SUPER INGCO","Elekrtična stona testera SS852 85W SUPER INGCO","BreadcrumbList+Organization+Product+WebSite"
"/prodavnica/ponuda/akumulatorni-udarni-odvijac-cirli1201","/prodavnica/ponuda/akumulatorni-udarni-odvijac-cirli1201","sample_product","200","OK","Akumulatorski udarni odvijač CIRLI1201 Ingco cena | Kupovina online - Končar Elektro -trgovina elekt","Akumulatorski udarni odvijač CIRLI1201 Ingco cena | Kupovina online - Končar Elektro -trgovina elekt","https://koncarelektro.rs/prodavnica/ponuda/akumulatorni-udarni-odvijac-cirli1201/","https://koncarelektro.rs/prodavnica/ponuda/akumulatorni-udarni-odvijac-cirli1201/","","Akumulatorski udarni odvijač CIRLI1201 Ingco","Organization+WebSite"
"/prodavnica/ponuda/benzinska-gletarica-helikopter-gpt361-2e-91cm-ingco","/prodavnica/ponuda/benzinska-gletarica-helikopter-gpt361-2e-91cm-ingco","sample_product","200","OK","GPT361-2E Benzinska gletarica HELIKOPTER 91cm Ingco","GPT361-2E Benzinska gletarica HELIKOPTER 91cm Ingco","https://koncarelektro.rs/prodavnica/ponuda/benzinska-gletarica-helikopter-gpt361-2e-91cm-ingco/","https://koncarelektro.rs/prodavnica/ponuda/benzinska-gletarica-helikopter-gpt361-2e-91cm-ingco/","Benzinska gletarica HELIKOPTER GPT361-2E 91cm Ingco","Benzinska gletarica HELIKOPTER GPT361-2E 91cm Ingco","BreadcrumbList+Organization+Product+WebSite"
"/prodavnica/kosacice-i-trimeri/testera-dodatak-za-trimer-w69-44-cev-28mm-kardan-9-zuba-willtek","/prodavnica/kosacice-i-trimeri/testera-dodatak-za-trimer-w69-44-cev-28mm-kardan-9-zuba-willtek","sample_product","200","OK","W69-44 Testera dodatak za trimer cev 28mm; kardan 9 zuba","W69-44 Testera dodatak za trimer cev 28mm; kardan 9 zuba","https://koncarelektro.rs/prodavnica/kosacice-i-trimeri/testera-dodatak-za-trimer-w69-44-cev-28mm-kardan-9-zuba-willtek/","https://koncarelektro.rs/prodavnica/kosacice-i-trimeri/testera-dodatak-za-trimer-w69-44-cev-28mm-kardan-9-zuba-willtek/","Testera dodatak za trimer W69-44 cev 28mm; kardan 9 zuba WILLTEK","Testera dodatak za trimer W69-44 cev 28mm; kardan 9 zuba WILLTEK","BreadcrumbList+Organization+Product+WebSite"
"/prodavnica/ponuda/elektricna-grejalica-90-063-3000w-neo-tools","/prodavnica/ponuda/elektricna-grejalica-90-063-3000w-neo-tools","sample_product","200","OK","90-063 Električna grejalica 3000W NEO TOOLS","90-063 Električna grejalica 3000W NEO TOOLS","https://koncarelektro.rs/prodavnica/ponuda/elektricna-grejalica-90-063-3000w-neo-tools/","https://koncarelektro.rs/prodavnica/ponuda/elektricna-grejalica-90-063-3000w-neo-tools/","Električna grejalica 90-063 3000W NEO TOOLS","Električna grejalica 90-063 3000W NEO TOOLS","BreadcrumbList+Organization+Product+WebSite"
"/prodavnica/elektricni-alat/slajferice/pbs12001-elektricna-tracna-brusilica-1200w-ingco","/prodavnica/elektricni-alat/slajferice/pbs12001-elektricna-tracna-brusilica-1200w-ingco","sample_product","200","OK","PBS12001 Električna tračna brusilica 1200W INGCO","PBS12001 Električna tračna brusilica 1200W INGCO","https://koncarelektro.rs/prodavnica/elektricni-alat/slajferice/pbs12001-elektricna-tracna-brusilica-1200w-ingco/","https://koncarelektro.rs/prodavnica/elektricni-alat/slajferice/pbs12001-elektricna-tracna-brusilica-1200w-ingco/","","Električna tračna brusilica PBS12001 1200W INGCO","Organization+WebSite"
"/prodavnica/ponuda/akumulatorska-busilica-odvijac-cidli20608-2x2-0ah-60nm-ingco","/prodavnica/ponuda/akumulatorska-busilica-odvijac-cidli20608-2x2-0ah-60nm-ingco","sample_product","200","OK","CIDLI20608 Akumulatorska bušilica odvijač 2x2.0Ah 60NM INGCO","CIDLI20608 Akumulatorska bušilica odvijač 2x2.0Ah 60NM INGCO","https://koncarelektro.rs/prodavnica/ponuda/akumulatorska-busilica-odvijac-cidli20608-2x2-0ah-60nm-ingco/","https://koncarelektro.rs/prodavnica/ponuda/akumulatorska-busilica-odvijac-cidli20608-2x2-0ah-60nm-ingco/","Akumulatorska bušilica odvijač CIDLI20608 2&amp;#215;2.0Ah 60NM INGCO","Akumulatorska bušilica odvijač CIDLI20608 2&#215;2.0Ah 60NM INGCO","BreadcrumbList+Organization+Product+WebSite"
"/prodavnica/elektricni-alat/diht-plm1800-330mm-1500w-scheppach","/prodavnica/elektricni-alat/diht-plm1800-330mm-1500w-scheppach","sample_product","200","OK","Scheppach Diht PLM1800 330mm 1500W","Scheppach Diht PLM1800 330mm 1500W","https://koncarelektro.rs/prodavnica/elektricni-alat/diht-plm1800-330mm-1500w-scheppach/","https://koncarelektro.rs/prodavnica/elektricni-alat/diht-plm1800-330mm-1500w-scheppach/","Diht PLM1800 330mm 1500W Scheppach","Diht PLM1800 330mm 1500W Scheppach","BreadcrumbList+Organization+Product+WebSite"
"/prodavnica/kosacice-i-trimeri-dobra/benzinske-kosacice/ingco-benzinska-kosacica-3-5kw-glm196202","/prodavnica/kosacice-i-trimeri-dobra/benzinske-kosacice/ingco-benzinska-kosacica-3-5kw-glm196202","sample_product","200","OK","Ingco benzinska kosačica samohodna 3.5kW GLM196202 cena | Kupovina online - Končar Elektro -trgovina","Ingco benzinska kosačica samohodna 3.5kW GLM196202 cena | Kupovina online - Končar Elektro -trgovina","https://koncarelektro.rs/prodavnica/kosacice-i-trimeri-dobra/benzinske-kosacice/ingco-benzinska-kosacica-3-5kw-glm196202/","https://koncarelektro.rs/prodavnica/kosacice-i-trimeri-dobra/benzinske-kosacice/ingco-benzinska-kosacica-3-5kw-glm196202/","","Ingco benzinska kosačica samohodna 3.5kW GLM196202","Organization+WebSite"
"/prodavnica/ponuda/okrugla-trimerska-nit-als2001-120m-2mm-super-ingco","/prodavnica/ponuda/okrugla-trimerska-nit-als2001-120m-2mm-super-ingco","sample_product","200","OK","ALS2001 Okrugla trimerska nit 120m 2mm SUPER INGCO","ALS2001 Okrugla trimerska nit 120m 2mm SUPER INGCO","https://koncarelektro.rs/prodavnica/ponuda/okrugla-trimerska-nit-als2001-120m-2mm-super-ingco/","https://koncarelektro.rs/prodavnica/ponuda/okrugla-trimerska-nit-als2001-120m-2mm-super-ingco/","Okrugla trimerska nit ALS2001 120m 2mm SUPER INGCO","Okrugla trimerska nit ALS2001 120m 2mm SUPER INGCO","BreadcrumbList+Organization+Product+WebSite"
"/prodavnica/ponuda/gbc5624411-benzinski-trimer-24-kw-ingco","/prodavnica/ponuda/gbc5624411-benzinski-trimer-24-kw-ingco","sample_product","200","OK","GBC5624411 Benzinski trimer za travu 2,4 KW INGCO","GBC5624411 Benzinski trimer za travu 2,4 KW INGCO","https://koncarelektro.rs/prodavnica/ponuda/gbc5624411-benzinski-trimer-24-kw-ingco/","https://koncarelektro.rs/prodavnica/ponuda/gbc5624411-benzinski-trimer-24-kw-ingco/","","Benzinski trimer za travu GBC5624411 3,8 KS INGCO","Organization+WebSite"
"/prodavnica/akumulatorski-alat/akumulatorski-udarni-zavrtaci/ingco-aku-udarni-odvijac-ciwli2001-prihvat-1-2","/prodavnica/akumulatorski-alat/akumulatorski-udarni-zavrtaci/ingco-aku-udarni-odvijac-ciwli2001-prihvat-1-2","sample_product","200","OK","INGCO Aku udarni odvijač CIWLI2001, prihvat 1/2 cena | Kupovina online - Končar Elektro -trgovina el","INGCO Aku udarni odvijač CIWLI2001, prihvat 1/2 cena | Kupovina online - Končar Elektro -trgovina el","https://koncarelektro.rs/prodavnica/akumulatorski-alat/akumulatorski-udarni-zavrtaci/ingco-aku-udarni-odvijac-ciwli2001-prihvat-1-2/","https://koncarelektro.rs/prodavnica/akumulatorski-alat/akumulatorski-udarni-zavrtaci/ingco-aku-udarni-odvijac-ciwli2001-prihvat-1-2/","INGCO Aku udarni odvijač CIWLI2001, prihvat 1/2","INGCO Aku udarni odvijač CIWLI2001, prihvat 1/2","BreadcrumbList+Organization+Product+WebSite"
"/prodavnica/rucni-alat-i-pribor/rucni-alat/setovi-alata-i-kljuceva/ingco-8-delni-set-kljuceva-sa-fleksibilnom-racnom-hkspar1083","/prodavnica/rucni-alat-i-pribor/rucni-alat/setovi-alata-i-kljuceva/ingco-8-delni-set-kljuceva-sa-fleksibilnom-racnom-hkspar1083","sample_product","200","OK","Ingco 8 delni set ključeva sa fleksibilnom račnom HKSPAR1083 cena | Kupovina online - Končar Elektro","Ingco 8 delni set ključeva sa fleksibilnom račnom HKSPAR1083 cena | Kupovina online - Končar Elektro","https://koncarelektro.rs/prodavnica/rucni-alat-i-pribor/rucni-alat/setovi-alata-i-kljuceva/ingco-8-delni-set-kljuceva-sa-fleksibilnom-racnom-hkspar1083/","https://koncarelektro.rs/prodavnica/rucni-alat-i-pribor/rucni-alat/setovi-alata-i-kljuceva/ingco-8-delni-set-kljuceva-sa-fleksibilnom-racnom-hkspar1083/","Ingco 8 delni set ključeva sa fleksibilnom račnom HKSPAR1083","Ingco 8 delni set ključeva sa fleksibilnom račnom HKSPAR1083","BreadcrumbList+Organization+Product+WebSite"
"/prodavnica/htz-oprema/ostalo/ingco-infracrveni-termometar-hit0155026","/prodavnica/htz-oprema/ostalo/ingco-infracrveni-termometar-hit0155026","sample_product","200","OK","Ingco Infracrveni termometar HIT0155026 cena | Kupovina online - Končar Elektro -trgovina električno","Ingco Infracrveni termometar HIT0155026 cena | Kupovina online - Končar Elektro -trgovina električno","https://koncarelektro.rs/prodavnica/htz-oprema/ostalo/ingco-infracrveni-termometar-hit0155026/","https://koncarelektro.rs/prodavnica/htz-oprema/ostalo/ingco-infracrveni-termometar-hit0155026/","Ingco Infracrveni termometar HIT0155026","Ingco Infracrveni termometar HIT0155026","BreadcrumbList+Organization+Product+WebSite"
"/prodavnica/ponuda/akumulatorska-vibro-igla-ccvli202301-solo-super-ingco","/prodavnica/ponuda/akumulatorska-vibro-igla-ccvli202301-solo-super-ingco","sample_product","200","OK","SUPER INGCO Akumulatorska vibro igla CCVLI202301 Solo","SUPER INGCO Akumulatorska vibro igla CCVLI202301 Solo","https://koncarelektro.rs/prodavnica/ponuda/akumulatorska-vibro-igla-ccvli202301-solo-super-ingco/","https://koncarelektro.rs/prodavnica/ponuda/akumulatorska-vibro-igla-ccvli202301-solo-super-ingco/","Akumulatorska vibro igla CCVLI202301 Solo SUPER INGCO","Akumulatorska vibro igla CCVLI202301 Solo SUPER INGCO","BreadcrumbList+Organization+Product+WebSite"
"/prodavnica/kompresori-i-pneumatski-alati/vazdusni-tihi-kompresor-te-ac-6-silent-4020600-6l-einhell","/prodavnica/kompresori-i-pneumatski-alati/vazdusni-tihi-kompresor-te-ac-6-silent-4020600-6l-einhell","sample_product","200","OK","TE-AC 6 SILENT Vazdušni tihi kompresor (4020600) 6l Einhell","TE-AC 6 SILENT Vazdušni tihi kompresor (4020600) 6l Einhell","https://koncarelektro.rs/prodavnica/kompresori-i-pneumatski-alati/vazdusni-tihi-kompresor-te-ac-6-silent-4020600-6l-einhell/","https://koncarelektro.rs/prodavnica/kompresori-i-pneumatski-alati/vazdusni-tihi-kompresor-te-ac-6-silent-4020600-6l-einhell/","Vazdušni tihi kompresor TE-AC 6 SILENT (4020600) 6l Einhell","Vazdušni tihi kompresor TE-AC 6 SILENT (4020600) 6l Einhell","BreadcrumbList+Organization+Product+WebSite"
"/prodavnica/pumpe-za-vodu/potopna-pumpa-za-cistu-vodu-rd-wp33-280w-070140","/prodavnica/pumpe-za-vodu/potopna-pumpa-za-cistu-vodu-rd-wp33-280w-070140","sample_product","200","OK","RD-WP33 Potopna pumpa za čistu vodu 280W (070140)","RD-WP33 Potopna pumpa za čistu vodu 280W (070140)","https://koncarelektro.rs/prodavnica/pumpe-za-vodu/potopna-pumpa-za-cistu-vodu-rd-wp33-280w-070140/","https://koncarelektro.rs/prodavnica/pumpe-za-vodu/potopna-pumpa-za-cistu-vodu-rd-wp33-280w-070140/","Potopna pumpa za čistu vodu RD-WP33 280W (070140)","Potopna pumpa za čistu vodu RD-WP33 280W (070140)","BreadcrumbList+Organization+Product+WebSite"
"/prodavnica/rucni-alat-i-pribor/torba-za-alat-16-25-dzepova-htbg06","/prodavnica/rucni-alat-i-pribor/torba-za-alat-16-25-dzepova-htbg06","sample_product","200","OK","Ingco torba za alat 16” + 25 džepova HTBG06 cena | Kupovina online - Končar Elektro -trgovina elektr","Ingco torba za alat 16” + 25 džepova HTBG06 cena | Kupovina online - Končar Elektro -trgovina elektr","https://koncarelektro.rs/prodavnica/rucni-alat-i-pribor/torba-za-alat-16-25-dzepova-htbg06/","https://koncarelektro.rs/prodavnica/rucni-alat-i-pribor/torba-za-alat-16-25-dzepova-htbg06/","","Ingco torba za alat 16” + 25 džepova HTBG06","Organization+WebSite"
"/prodavnica/kompresori-i-pneumatski-alati/pneumatski-alati-i-pribor/pneumatski-pistolj-za-izduvavanje-awg1001-super-ingco","/prodavnica/kompresori-i-pneumatski-alati/pneumatski-alati-i-pribor/pneumatski-pistolj-za-izduvavanje-awg1001-super-ingco","sample_product","200","OK","Pneumatski pištolj za izduvavanje AWG1001 SUPER INGCO","Pneumatski pištolj za izduvavanje AWG1001 SUPER INGCO","https://koncarelektro.rs/prodavnica/kompresori-i-pneumatski-alati/pneumatski-alati-i-pribor/pneumatski-pistolj-za-izduvavanje-awg1001-super-ingco/","https://koncarelektro.rs/prodavnica/kompresori-i-pneumatski-alati/pneumatski-alati-i-pribor/pneumatski-pistolj-za-izduvavanje-awg1001-super-ingco/","Pneumatski pištolj za izduvavanje AWG1001 SUPER INGCO","Pneumatski pištolj za izduvavanje AWG1001 SUPER INGCO","BreadcrumbList+Organization+Product+WebSite"
"/prodavnica/akumulatorski-alat/akumulatorske-busilice-odvijaci/akumulatorska-udarna-busilica-odvijac-18v-dhp485z-makita","/prodavnica/akumulatorski-alat/akumulatorske-busilice-odvijaci/akumulatorska-udarna-busilica-odvijac-18v-dhp485z-makita","sample_product","200","OK","udarna bušilica DHP485Z MAKITA 18V Akumulatorska SOLO","udarna bušilica DHP485Z MAKITA 18V Akumulatorska SOLO","https://koncarelektro.rs/prodavnica/akumulatorski-alat/akumulatorske-busilice-odvijaci/akumulatorska-udarna-busilica-odvijac-18v-dhp485z-makita/","https://koncarelektro.rs/prodavnica/akumulatorski-alat/akumulatorske-busilice-odvijaci/akumulatorska-udarna-busilica-odvijac-18v-dhp485z-makita/","","Akumulatorska udarna bušilica 18V DHP485Z MAKITA SOLO","Organization+WebSite"
"/prodavnica/akumulatorski-alat/akumulatorski-udarni-zavrtaci/akumulatorski-udarni-odvijac-dtd152z-18v-makita","/prodavnica/akumulatorski-alat/akumulatorski-udarni-zavrtaci/akumulatorski-udarni-odvijac-dtd152z-18v-makita","sample_product","200","OK","udarni odvijač Akumulatorski DTD152Z 18V MAKITA","udarni odvijač Akumulatorski DTD152Z 18V MAKITA","https://koncarelektro.rs/prodavnica/akumulatorski-alat/akumulatorski-udarni-zavrtaci/akumulatorski-udarni-odvijac-dtd152z-18v-makita/","https://koncarelektro.rs/prodavnica/akumulatorski-alat/akumulatorski-udarni-zavrtaci/akumulatorski-udarni-odvijac-dtd152z-18v-makita/","Akumulatorski udarni odvijač DTD152Z 18V MAKITA","Akumulatorski udarni odvijač DTD152Z 18V MAKITA","BreadcrumbList+Organization+Product+WebSite"
"/prodavnica/elektricni-alat/busilice/elektricna-udarna-busilica-720w-hp2051h","/prodavnica/elektricni-alat/busilice/elektricna-udarna-busilica-720w-hp2051h","sample_product","200","OK","HP2051H MAKITA električna bušilica udarna Vibraciona 720W","HP2051H MAKITA električna bušilica udarna Vibraciona 720W","https://koncarelektro.rs/prodavnica/elektricni-alat/busilice/elektricna-udarna-busilica-720w-hp2051h/","https://koncarelektro.rs/prodavnica/elektricni-alat/busilice/elektricna-udarna-busilica-720w-hp2051h/","","Vibraciona električna udarna bušilica 720W HP2051H MAKITA","Organization+WebSite"
"/prodavnica/elektricni-alat/glodalice-frezeri/makita-glodalica-710w-rt0702c","/prodavnica/elektricni-alat/glodalice-frezeri/makita-glodalica-710w-rt0702c","sample_product","200","OK","RT0702C Makita Električna glodalica - frezer 710W;","RT0702C Makita Električna glodalica - frezer 710W;","https://koncarelektro.rs/prodavnica/elektricni-alat/glodalice-frezeri/makita-glodalica-710w-rt0702c/","https://koncarelektro.rs/prodavnica/elektricni-alat/glodalice-frezeri/makita-glodalica-710w-rt0702c/","","Električna glodalica &#8211; frezer RT0702C 710W; Makita","Organization+WebSite"
"/product-category/kosacice-i-trimeri-dobra/akumulatorske-kosacice","/product-category/kosacice-i-trimeri-dobra/akumulatorske-kosacice","sample_category","200","OK","Akumulatorske kosačice - Končar Elektro -trgovina električnog, ručnog alata i pribora","Akumulatorske kosačice - Končar Elektro -trgovina električnog, ručnog alata i pribora","https://koncarelektro.rs/product-category/kosacice-i-trimeri-dobra/akumulatorske-kosacice/","https://koncarelektro.rs/product-category/kosacice-i-trimeri-dobra/akumulatorske-kosacice/","AKUMULATORSKE KOSACICE","Akumulatorske kosačice","BreadcrumbList+Organization+WebSite"
"/product-category/poljoprivredni-alati-i-oprema/motorni-busaci","/product-category/poljoprivredni-alati-i-oprema/motorni-busaci","sample_category","200","OK","Motorni bušači - Končar Elektro -trgovina električnog, ručnog alata i pribora","Motorni bušači - Končar Elektro -trgovina električnog, ručnog alata i pribora","https://koncarelektro.rs/product-category/poljoprivredni-alati-i-oprema/motorni-busaci/","https://koncarelektro.rs/product-category/poljoprivredni-alati-i-oprema/motorni-busaci/","MOTORNI BUŠAČI","Motorni bušači","BreadcrumbList+Organization+WebSite"
"/product-category/nesortirano","/product-category/nesortirano","sample_category","200","OK","Nesortirano - Končar Elektro -trgovina električnog, ručnog alata i pribora","Nesortirano - Končar Elektro -trgovina električnog, ručnog alata i pribora","https://koncarelektro.rs/product-category/nesortirano/","https://koncarelektro.rs/product-category/nesortirano/","","Nesortirano","BreadcrumbList+Organization+WebSite"
"/product-category/elektricni-alat/busilice","/product-category/elektricni-alat/busilice","sample_category","200","OK","Bušilice - Končar Elektro -trgovina električnog, ručnog alata i pribora","Bušilice - Končar Elektro -trgovina električnog, ručnog alata i pribora","https://koncarelektro.rs/product-category/elektricni-alat/busilice/","https://koncarelektro.rs/product-category/elektricni-alat/busilice/","BUSILICE","Bušilice","BreadcrumbList+Organization+WebSite"
"/proizvodjac/bosch-professional","/proizvodjac/bosch-professional","sample_taxonomy","200","OK","BOSCH Professional Alati i oprema najbolje cene!","BOSCH Professional Alati i oprema najbolje cene!","https://koncarelektro.rs/proizvodjac/bosch-professional/","https://koncarelektro.rs/proizvodjac/bosch-professional/","Bosch Professional","BOSCH","Organization+WebSite"
"/proizvodjac/agm","/proizvodjac/agm","sample_taxonomy","200","OK","AGM alati – Najpovoljnije cene | Končar Elektro -trgovina električnog, ručnog alata i pribora","AGM alati – Najpovoljnije cene | Končar Elektro -trgovina električnog, ručnog alata i pribora","https://koncarelektro.rs/proizvodjac/agm/","https://koncarelektro.rs/proizvodjac/agm/","Agm","AGM","Organization+WebSite"
"/proizvodjac/castelgarden","/proizvodjac/castelgarden","sample_taxonomy","200","OK","CASTELGARDEN alati – Najpovoljnije cene | Končar Elektro -trgovina električnog, ručnog alata i pribo","CASTELGARDEN alati – Najpovoljnije cene | Končar Elektro -trgovina električnog, ručnog alata i pribo","https://koncarelektro.rs/proizvodjac/castelgarden/","https://koncarelektro.rs/proizvodjac/castelgarden/","CastelGarden","CASTELGARDEN","Organization+WebSite"
"/proizvodjac/harvest","/proizvodjac/harvest","sample_taxonomy","200","OK","HARVEST alati – Najpovoljnije cene | Končar Elektro -trgovina električnog, ručnog alata i pribora","HARVEST alati – Najpovoljnije cene | Končar Elektro -trgovina električnog, ručnog alata i pribora","https://koncarelektro.rs/proizvodjac/harvest/","https://koncarelektro.rs/proizvodjac/harvest/","Harvest","HARVEST","Organization+WebSite"
"/proizvodjac/lynx","/proizvodjac/lynx","sample_taxonomy","200","OK","LYNX alati – Najpovoljnije cene | Končar Elektro -trgovina električnog, ručnog alata i pribora","LYNX alati – Najpovoljnije cene | Končar Elektro -trgovina električnog, ručnog alata i pribora","https://koncarelektro.rs/proizvodjac/lynx/","https://koncarelektro.rs/proizvodjac/lynx/","Lynx","LYNX","Organization+WebSite"
"/proizvodjac/rem-power","/proizvodjac/rem-power","sample_taxonomy","200","OK","REM POWER alati – Najpovoljnije cene | Končar Elektro -trgovina električnog, ručnog alata i pribora","REM POWER alati – Najpovoljnije cene | Končar Elektro -trgovina električnog, ručnog alata i pribora","https://koncarelektro.rs/proizvodjac/rem-power/","https://koncarelektro.rs/proizvodjac/rem-power/","Rem Power","REM POWER","Organization+WebSite"
"/proizvodjac/weibang","/proizvodjac/weibang","sample_taxonomy","200","OK","WEIBANG alati – Najpovoljnije cene | Končar Elektro -trgovina električnog, ručnog alata i pribora","WEIBANG alati – Najpovoljnije cene | Končar Elektro -trgovina električnog, ručnog alata i pribora","https://koncarelektro.rs/proizvodjac/weibang/","https://koncarelektro.rs/proizvodjac/weibang/","Weibang","WEIBANG","Organization+WebSite"
"/snaga/1050w","/pretraga","sample_taxonomy","200","OK","1050W - Končar Elektro -trgovina električnog, ručnog alata i pribora","Pretraga proizvoda - Končar Elektro -trgovina električnog, ručnog alata i pribora","https://koncarelektro.rs/pretraga/","https://koncarelektro.rs/pretraga/","1050w","1050W","Organization+WebSite"
"/snaga/1500w","/pretraga","sample_taxonomy","200","OK","1500W - Končar Elektro -trgovina električnog, ručnog alata i pribora","Pretraga proizvoda - Končar Elektro -trgovina električnog, ručnog alata i pribora","https://koncarelektro.rs/pretraga/","https://koncarelektro.rs/pretraga/","1500w","1500W","Organization+WebSite"
"/snaga/230-v","/pretraga","sample_taxonomy","200","OK","230 V - Končar Elektro -trgovina električnog, ručnog alata i pribora","Pretraga proizvoda - Končar Elektro -trgovina električnog, ručnog alata i pribora","https://koncarelektro.rs/pretraga/","https://koncarelektro.rs/pretraga/","230 V","230 V","Organization+WebSite"
"/snaga/400w","/pretraga","sample_taxonomy","200","OK","400W - Končar Elektro -trgovina električnog, ručnog alata i pribora","Pretraga proizvoda - Končar Elektro -trgovina električnog, ručnog alata i pribora","https://koncarelektro.rs/pretraga/","https://koncarelektro.rs/pretraga/","400w","400W","Organization+WebSite"
"/snaga/550w","/pretraga","sample_taxonomy","200","OK","550W - Končar Elektro -trgovina električnog, ručnog alata i pribora","Pretraga proizvoda - Končar Elektro -trgovina električnog, ručnog alata i pribora","https://koncarelektro.rs/pretraga/","https://koncarelektro.rs/pretraga/","550w","550W","Organization+WebSite"
"/snaga/82-v","/pretraga","sample_taxonomy","200","OK","82 V - Končar Elektro -trgovina električnog, ručnog alata i pribora","Pretraga proizvoda - Končar Elektro -trgovina električnog, ručnog alata i pribora","https://koncarelektro.rs/pretraga/","https://koncarelektro.rs/pretraga/","82 V","82 V","Organization+WebSite"
"/uvoznik/elementa-doo","/pretraga","sample_taxonomy","200","OK","Elementa doo - Subotica - Končar Elektro -trgovina električnog, ručnog alata i pribora","Pretraga proizvoda - Končar Elektro -trgovina električnog, ručnog alata i pribora","https://koncarelektro.rs/pretraga/","https://koncarelektro.rs/pretraga/","elementa doo","Elementa doo - Subotica","Organization+WebSite"
"/uvoznik/robert-bosch","/pretraga","sample_taxonomy","200","OK","Robert Bosch d.o.o. - Beograd - Končar Elektro -trgovina električnog, ručnog alata i pribora","Pretraga proizvoda - Končar Elektro -trgovina električnog, ručnog alata i pribora","https://koncarelektro.rs/pretraga/","https://koncarelektro.rs/pretraga/","robert bosch","Robert Bosch d.o.o. - Beograd","Organization+WebSite"