path,status,issues,baseline_title,local_title,local_canonical,expected_canonical,local_h1,baseline_h1
"/","200","OK","Končar Elektro - Prodaja alata i mašina renomiranih brendova","Končar Elektro - Prodaja alata i mašina renomiranih brendova","https://koncarelektro.rs/","https://koncarelektro.rs/","",""
"/kontakt","200","OK","Kontakt - Končar Elektro -trgovina električnog, ručnog alata i pribora","Kontakt - Končar Elektro -trgovina električnog, ručnog alata i pribora","https://koncarelektro.rs/kontakt/","https://koncarelektro.rs/kontakt/","Kontakt",""
"/o-nama","200","OK","O nama - Končar Elektro -trgovina električnog, ručnog alata i pribora","O nama - Končar Elektro -trgovina električnog, ručnog alata i pribora","https://koncarelektro.rs/o-nama/","https://koncarelektro.rs/o-nama/","O nama","O nama"
"/akcija","200","OK","Akcija - Končar Elektro -trgovina električnog, ručnog alata i pribora","Akcija - Končar Elektro -trgovina električnog, ručnog alata i pribora","https://koncarelektro.rs/akcija/","https://koncarelektro.rs/akcija/","",""
"/proizvodi","200","OK","Proizvodi cena | Kupovina online - Končar Elektro -trgovina električnog, ručnog ","Proizvodi cena | Kupovina online - Končar Elektro -trgovina električnog, ručnog ","https://koncarelektro.rs/proizvodi/","https://koncarelektro.rs/proizvodi/","ALATI","Proizvodi"
"/najprodavanije","200","OK","","Najprodavaniji proizvodi - Končar Elektro -trgovina električnog, ručnog alata i ","https://koncarelektro.rs/najprodavanije/","https://koncarelektro.rs/najprodavanije/","Najprodavaniji proizvodi",""
"/pretraga","200","OK","","Pretraga proizvoda - Končar Elektro -trgovina električnog, ručnog alata i pribor","https://koncarelektro.rs/pretraga/","https://koncarelektro.rs/pretraga/","",""
"/pitanja","200","OK","","Česta pitanja - Končar Elektro -trgovina električnog, ručnog alata i pribora","https://koncarelektro.rs/pitanja/","https://koncarelektro.rs/pitanja/","Česta pitanja",""
"/novosti","200","OK","Novosti - Končar Elektro -trgovina električnog, ručnog alata i pribora","Novosti - Končar Elektro -trgovina električnog, ručnog alata i pribora","https://koncarelektro.rs/novosti/","https://koncarelektro.rs/novosti/","Novosti","Novosti"
"/lista-zelja","200","OK","Lista želja - Končar Elektro -trgovina električnog, ručnog alata i pribora","Lista želja - Končar Elektro -trgovina električnog, ručnog alata i pribora","https://koncarelektro.rs/lista-zelja/","https://koncarelektro.rs/lista-zelja/","Lista želja",""
"/uporedite","200","OK","Uporedite - Končar Elektro -trgovina električnog, ručnog alata i pribora","Uporedite - Končar Elektro -trgovina električnog, ručnog alata i pribora","https://koncarelektro.rs/uporedite/","https://koncarelektro.rs/uporedite/","Uporedite","No products were added to the compare table"
"/podaci-o-firmi","200","OK","Podaci o firmi - Končar Elektro -trgovina električnog, ručnog alata i pribora","Podaci o firmi - Končar Elektro -trgovina električnog, ručnog alata i pribora","https://koncarelektro.rs/podaci-o-firmi/","https://koncarelektro.rs/podaci-o-firmi/","Podaci o firmi","Podaci o firmi"
"/kolacici-cookies","200","OK","Kolačići (cookies) - Končar Elektro -trgovina električnog, ručnog alata i pribor","Kolačići (cookies) - Končar Elektro -trgovina električnog, ručnog alata i pribor","https://koncarelektro.rs/kolacici-cookies/","https://koncarelektro.rs/kolacici-cookies/","Kolačići (cookies)","Kolačići (cookies)"
"/narucivanje","200","OK","Naručivanje - Končar Elektro -trgovina električnog, ručnog alata i pribora","Naručivanje - Končar Elektro -trgovina električnog, ručnog alata i pribora","https://koncarelektro.rs/narucivanje/","https://koncarelektro.rs/narucivanje/","Naručivanje","Naručivanje"
"/uslovi-koriscenja","200","OK","Uslovi korišćenja - Končar Elektro -trgovina električnog, ručnog alata i pribora","Uslovi korišćenja - Končar Elektro -trgovina električnog, ručnog alata i pribora","https://koncarelektro.rs/uslovi-koriscenja/","https://koncarelektro.rs/uslovi-koriscenja/","Uslovi korišćenja","Uslovi korišćenja"
"/uslovi-kupovine","200","OK","","Uslovi kupovine - Končar Elektro -trgovina električnog, ručnog alata i pribora","https://koncarelektro.rs/uslovi-kupovine/","https://koncarelektro.rs/uslovi-kupovine/","Uslovi kupovine",""
"/politika-privatnosti","200","OK","Politika privatnosti - Končar Elektro -trgovina električnog, ručnog alata i prib","Politika privatnosti - Končar Elektro -trgovina električnog, ručnog alata i prib","https://koncarelektro.rs/politika-privatnosti/","https://koncarelektro.rs/politika-privatnosti/","Politika privatnosti","Politika privatnosti"
"/nacin-placanja","200","OK","Način plaćanja - Končar Elektro -trgovina električnog, ručnog alata i pribora","Način plaćanja - Končar Elektro -trgovina električnog, ručnog alata i pribora","https://koncarelektro.rs/nacin-placanja/","https://koncarelektro.rs/nacin-placanja/","Način plaćanja","Način plaćanja"
"/nacini-isporuke","200","OK","Načini isporuke - Končar Elektro -trgovina električnog, ručnog alata i pribora","Načini isporuke - Končar Elektro -trgovina električnog, ručnog alata i pribora","https://koncarelektro.rs/nacini-isporuke/","https://koncarelektro.rs/nacini-isporuke/","Načini isporuke","Načini isporuke"
"/reklamacije","200","OK","Reklamacije - Končar Elektro -trgovina električnog, ručnog alata i pribora","Reklamacije - Končar Elektro -trgovina električnog, ručnog alata i pribora","https://koncarelektro.rs/reklamacije/","https://koncarelektro.rs/reklamacije/","Reklamacije","Reklamacije"
"/pravo-na-odustajanje","200","OK","Pravo na odustajanje - Končar Elektro -trgovina električnog, ručnog alata i prib","Pravo na odustajanje - Končar Elektro -trgovina električnog, ručnog alata i prib","https://koncarelektro.rs/pravo-na-odustajanje/","https://koncarelektro.rs/pravo-na-odustajanje/","Pravo na odustajanje","Pravo na odustajanje"
"/korpa","200","OK","","Korpa | Končar Elektro","https://koncarelektro.rs/korpa/","https://koncarelektro.rs/korpa/","Korpa",""
"/placanje-odjava","200","OK","","Plaćanje / Odjava | Končar Elektro","https://koncarelektro.rs/placanje-odjava/","https://koncarelektro.rs/placanje-odjava/","",""